data;T_media_C
2028-12-31;31,769266241451252
2029-01-01;31,798975774012806
2029-01-02;31,827084578262458
2029-01-03;31,853585167540306
2029-01-04;31,87847050079552
2029-01-05;31,90173398369851
2029-01-06;31,923369469660354
2029-01-07;31,9433712607602
2029-01-08;31,961734108581414
2029-01-09;31,978453214957142
2029-01-10;31,993524232625976
2029-01-11;32,00694326579852
2029-01-12;32,01870687063526
2029-01-13;32,02881205563663
2029-01-14;32,03725628194551
2029-01-15;32,044037463563086
2029-01-16;32,04915396747833
2029-01-17;32,052604613711615
2029-01-18;32,054388675273046
2029-01-19;32,05450587803585
2029-01-20;32,05295640052518
2029-01-21;32,0497408736228
2029-01-22;32,044860380187906
2029-01-23;32,038316454594394
2029-01-24;32,03011108218485
2029-01-25;32,02024669864148
2029-01-26;32,00872618927422
2029-01-27;31,995552888226115
2029-01-28;31,980730577596166
2029-01-29;31,964263486479734
2029-01-30;31,946156289926506
2029-01-31;31,926414107816186
2029-02-01;31,905042503651742
2029-02-02;31,882047483270345
2029-02-03;31,857435493471854
2029-02-04;31,831213420564705
2029-02-05;31,80338858882925
2029-02-06;31,773968758898203
2029-02-07;31,742962126054092
2029-02-08;31,710377318443577
2029-02-09;31,676223395208257
2029-02-10;31,64050984453181
2029-02-11;31,603246581603074
2029-02-12;31,564443946494873
2029-02-13;31,524112701958128
2029-02-14;31,482264031130928
2029-02-15;31,438909535162214
2029-02-16;31,394061230749543
2029-02-17;31,347731547590655
2029-02-18;31,299933325748253
2029-02-19;31,250679812927604
2029-02-20;31,199984661666434
2029-02-21;31,147861926436594
2029-02-22;31,09432606065707
2029-02-23;31,03939191361771
2029-02-24;30,98307472731315
2029-02-25;30,925390133186394
2029-02-26;30,86635414878151
2029-02-27;30,805983174304867
2029-02-28;30,744293989094285
2029-03-01;30,681303747995624
2029-03-02;30,617029977646194
2029-03-03;30,551490572664388
2029-03-04;30,484703791745034
2029-03-05;30,41668825365987
2029-03-06;30,347462933162586
2029-03-07;30,277047156797916
2029-03-08;30,205460598614298
2029-03-09;30,13272327577944
2029-03-10;30,058855544098506
2029-03-11;29,98387809343427
2029-03-12;29,90781194302892
2029-03-13;29,830678436726995
2029-03-14;29,7524992380991
2029-03-15;29,67329632546607
2029-03-16;29,593091986823143
2029-03-17;29,511908814663997
2029-03-18;29,42976970070421
2029-03-19;29,346697830504098
2029-03-20;29,262716677990653
2029-03-21;29,177849999878465
2029-03-22;29,09212182998957
2029-03-23;29,005556473472183
2029-03-24;28,918178500918362
2029-03-25;28,8300127423806
2029-03-26;28,741084281287602
2029-03-27;28,651418448259363
2029-03-28;28,561040814821837
2029-03-29;28,469977187021517
2029-03-30;28,378253598940322
2029-03-31;28,285896306111272
2029-04-01;28,192931778835472
2029-04-02;28,099386695400998
2029-04-03;28,005287935204425
2029-04-04;27,910662571775745
2029-04-05;27,815537865707437
2029-04-06;27,71994125748878
2029-04-07;27,623900360246243
2029-04-08;27,52744295239121
2029-04-09;27,430596970176016
2029-04-10;27,333390500159847
2029-04-11;27,2358517715855
2029-04-12;27,138009148668818
2029-04-13;27,039891122801986
2029-04-14;26,941526304672593
2029-04-15;26,84294341629999
2029-04-16;26,74417128299081
2029-04-17;26,64523882521556
2029-04-18;26,546175050408227
2029-04-19;26,447009044691015
2029-04-20;26,347769964526336
2029-04-21;26,248487028298356
2029-04-22;26,149189507826406
2029-04-23;26,04990671981272
2029-04-24;25,95066801722699
2029-04-25;25,85150278063038
2029-04-26;25,75244040944165
2029-04-27;25,65351031314827
2029-04-28;25,55474190246522
2029-04-29;25,45616458044459
2029-04-30;25,357807733538888
2029-05-01;25,259700722621222
2029-05-02;25,16187287396546
2029-05-03;25,064353470189715
2029-05-04;24,967171741166393
2029-05-05;24,87035685490221
2029-05-06;24,773937908391673
2029-05-07;24,6779439184475
2029-05-08;24,582403812511547
2029-05-09;24,487346419449935
2029-05-10;24,392800460336016
2029-05-11;24,29879453922491
2029-05-12;24,205357133923496
2029-05-13;24,112516586759558
2029-05-14;24,020301095354046
2029-05-15;23,92873870340041
2029-05-16;23,837857291454785
2029-05-17;23,74768456774129
2029-05-18;23,658248058976145
2029-05-19;23,569575101214852
2029-05-20;23,48169283072644
2029-05-21;23,394628174898855
2029-05-22;23,30840784317954
2029-05-23;23,22305831805539
2029-05-24;23,138605846076093
2029-05-25;23,05507642892512
2029-05-26;22,972495814542246
2029-05-27;22,89088948830198
2029-05-28;22,81028266425182
2029-05-29;22,730700276414456
2029-05-30;22,65216697015812
2029-05-31;22,574707093638953
2029-06-01;22,498344689319648
2029-06-02;22,423103485568188
2029-06-03;22,349006888340856
2029-06-04;22,276077972953345
2029-06-05;22,204339475943964
2029-06-06;22,133813787032853
2029-06-07;22,064522941181053
2029-06-08;21,99648861075319
2029-06-09;21,929732097787696
2029-06-10;21,864274326378126
2029-06-11;21,800135835169403
2029-06-12;21,737336769972487
2029-06-13;21,675896876501188
2029-06-14;21,615835493234542
2029-06-15;21,55717154440822
2029-06-16;21,49992353313844
2029-06-17;21,444109534681647
2029-06-18;21,389747189833344
2029-06-19;21,33685369846913
2029-06-20;21,285445813231266
2029-06-21;21,23553983336369
2029-06-22;21,18715159869863
2029-06-23;21,140296483797627
2029-06-24;21,094989392249897
2029-06-25;21,0512447511308
2029-06-26;21,00907650562314
2029-06-27;20,9684981138039
2029-06-28;20,929522541598995
2029-06-29;20,892162257908485
2029-06-30;20,8564292299047
2029-07-01;20,822334918505515
2029-07-02;20,78989027402509
2029-07-03;20,75910573200414
2029-07-04;20,729991209221865
2029-07-05;20,702556099891513
2029-07-06;20,676809272041414
2029-07-07;20,652759064083387
2029-07-08;20,63041328157019
2029-07-09;20,60977919414363
2029-07-10;20,590863532674987
2029-07-11;20,57367248659907
2029-07-12;20,55821170144342
2029-07-13;20,544486276553886
2029-07-14;20,53250076301777
2029-07-15;20,52225916178568
2029-07-16;20,513764921993083
2029-07-17;20,50702093948257
2029-07-18;20,50202955552756
2029-07-19;20,49879255575831
2029-07-20;20,497311169290853
2029-07-21;20,497586068059427
2029-07-22;20,499617366352894
2029-07-23;20,503404620555585
2029-07-24;20,508946829092825
2029-07-25;20,516242432581357
2029-07-26;20,525289314184842
2029-07-27;20,536084800174418
2029-07-28;20,548625660694245
2029-07-29;20,562908110732
2029-07-30;20,578927811293905
2029-07-31;20,59667987078415
2029-08-01;20,61615884658811
2029-08-02;20,637358746858972
2029-08-03;20,660273032507117
2029-08-04;20,684894619391535
2029-08-05;20,711215880712512
2029-08-06;20,739228649604694
2029-08-07;20,768924221929577
2029-08-08;20,800293359266313
2029-08-09;20,833326292099677
2029-08-10;20,868012723204
2029-08-11;20,904341831221632
2029-08-12;20,942302274434542
2029-08-13;20,981882194727568
2029-08-14;21,023069221741594
2029-08-15;21,065850477215008
2029-08-16;21,110212579511636
2029-08-17;21,156141648333186
2029-08-18;21,203623309614308
2029-08-19;21,252642700598077
2029-08-20;21,30318447508983
2029-08-21;21,355232808887
2029-08-22;21,408771405382662
2029-08-23;21,463783501340277
2029-08-24;21,52025187283721
2029-08-25;21,578158841374243
2029-08-26;21,637486280148483
2029-08-27;21,69821562048689
2029-08-28;21,76032785843742
2029-08-29;21,823803561514925
2029-08-30;21,888622875598713
2029-08-31;21,954765531978623
2029-09-01;22,02221085454644
2029-09-02;22,090937767129294
2029-09-03;22,160924800961734
2029-09-04;22,232150102292962
2029-09-05;22,304591440125733
2029-09-06;22,37822621408335
2029-09-07;22,453031462401
2029-09-08;22,528983870037745
2029-09-09;22,606059776905393
2029-09-10;22,68423518621027
2029-09-11;22,763485772904065
2029-09-12;22,843786892239688
2029-09-13;22,925113588428093
2029-09-14;23,007440603391974
2029-09-15;23,090742385612163
2029-09-16;23,174993099062537
2029-09-17;23,260166632229105
2029-09-18;23,346236607209118
2029-09-19;23,433176388885684
2029-09-20;23,5209590941737
2029-09-21;23,609557601332508
2029-09-22;23,69894455934097
2029-09-23;23,78909239733048
2029-09-24;23,879973334071384
2029-09-25;23,971559387508297
2029-09-26;24,063822384339886
2029-09-27;24,156733969638527
2029-09-28;24,25026561650527
2029-09-29;24,344388635755696
2029-09-30;24,439074185632
2029-10-01;24,53429328153685
2029-10-02;24,630016805784507
2029-10-03;24,726215517364675
2029-10-04;24,822860061714593
2029-10-05;24,919920980494982
2029-10-06;25,017368721365273
2029-10-07;25,115173647753867
2029-10-08;25,21330604861898
2029-10-09;25,311736148195735
2029-10-10;25,410434115725266
2029-10-11;25,50937007516158
2029-10-12;25,60851411485194
2029-10-13;25,707836297186734
2029-10-14;25,807306668214736
2029-10-15;25,906895267219628
2029-10-16;26,006572136254068
2029-10-17;26,106307329627217
2029-10-18;26,206070923342082
2029-10-19;26,305833024478844
2029-10-20;26,405563780520627
2029-10-21;26,50523338861809
2029-10-22;26,604812104789346
2029-10-23;26,70427025305192
2029-10-24;26,80357823448337
2029-10-25;26,902706536207408
2029-10-26;27,001625740302376
2029-10-27;27,100306532629133
2029-10-28;27,19871971157541
2029-10-29;27,296836196713823
2029-10-30;27,394627037370835
2029-10-31;27,492063421104106
2029-11-01;27,589116682085702
2029-11-02;27,685758309388763
2029-11-03;27,781959955175385
2029-11-04;27,8776934427835
2029-11-05;27,972930774710747
2029-11-06;28,067644140493286
2029-11-07;28,161805924477775
2029-11-08;28,255388713484724
2029-11-09;28,348365304361632
2029-11-10;28,440708711424275
2029-11-11;28,53239217378489
2029-11-12;28,62338916256574
2029-11-13;28,713673387996963
2029-11-14;28,803218806397563
2029-11-15;28,89199962703854
2029-11-16;28,97999031888716
2029-11-17;29,067165617231712
2029-11-18;29,153500530185852
2029-11-19;29,238970345071994
2029-11-20;29,323550634683247
2029-11-21;29,407217263423377
2029-11-22;29,48994639332445
2029-11-23;29,57171448994195
2029-11-24;29,65249832812705
2029-11-25;29,73227499767607
2029-11-26;29,811021908856986
2029-11-27;29,888716797813064
2029-11-28;29,965337731843714
2029-11-29;30,04086311456278
2029-11-30;30,115271690934467
2029-12-01;30,18854255218726
2029-12-02;30,26065514060613
2029-12-03;30,33158925420354
2029-12-04;30,40132505126969
2029-12-05;30,469843054802485
2029-12-06;30,5371241568179
2029-12-07;30,603149622541277
2029-12-08;30,667901094480268
2029-12-09;30,731360596380124
2029-12-10;30,793510537062037
2029-12-11;30,85433371414536
2029-12-12;30,913813317654427
2029-12-13;30,971932933510885
2029-12-14;31,028676546912422
2029-12-15;31,084028545598557
2029-12-16;31,13797372300468
2029-12-17;31,19049728130504
2029-12-18;31,241584834345662
2029-12-19;31,29122241046822
2029-12-20;31,33939645522562
2029-12-21;31,38609383399049
2029-12-22;31,431301834457273
2029-12-23;31,47500816903913
2029-12-24;31,517200977160396
2029-12-25;31,557868827445706
2029-12-26;31,597000719806644
2029-12-27;31,63458608742685
2029-12-28;31,670614798646678
2029-12-29;31,7050771587481
2029-12-30;31,737963911640943
