data,dia_ciclo,peso_medio_g,peso_anterior_g,ganho_g_dia,SGR_percent_dia,temperatura_C,fator_temperatura,fator_tamanho,biomassa_kg,taxa_racao_percent_BW,racao_kg_dia
2025-01-01,0,30.515971377703252,30.0,0.5159713777032522,1.7052816621464784,31.798975774012806,0.7751280282483992,1.0,305.1597137770325,3.875,11.625
2025-01-02,1,31.037340552426432,30.515971377703252,0.5213691747231799,1.6940815281776136,31.827084578262458,0.7716144277171928,0.9979557543275754,310.37340552426434,3.8685503577787093,11.805257199117875
2025-01-03,2,31.564240337995493,31.037340552426432,0.5268997855690607,1.6833831371699581,31.853585167540306,0.7683018540574618,0.995929072952418,315.64240337995494,3.8620332430946696,11.986724099072116
2025-01-04,3,32.0968112358043,31.564240337995493,0.5325708978088102,1.6731841816019726,31.87847050079552,0.7651911874005601,0.9939192673509039,320.968112358043,3.8554469957750563,12.169425558504658
2025-01-05,4,32.63520160713126,32.0968112358043,0.5383903713269547,1.6634822950382946,31.90173398369851,0.7622832520376863,0.9919256574314917,326.3520160713126,3.848789859552446,12.35338816083326
2025-01-06,5,33.17956784794223,32.63520160713126,0.5443662408109731,1.6542750499665808,31.923369469660354,0.7595788162924557,0.9899475714719618,331.7956784794223,3.8420599799108595,12.538640203108159
2025-01-07,6,33.73007456653462,33.17956784794223,0.5505067185923878,1.645559955679237,31.9433712607602,0.7570785924049752,0.9879843460636483,337.30074566534614,3.835255401900722,12.725211682155196
2025-01-08,7,34.286894764389096,33.73007456653462,0.5568201978544778,1.637334456201619,31.961734108581414,0.7547832364273233,0.9860353260624666,342.868947643891,3.8283740679183174,12.91313427794723
2025-01-09,8,34.850210020607435,34.286894764389096,0.5633152562183383,1.6295959282683592,31.978453214957142,0.7526933481303573,0.984099864546536,348.5021002060744,3.8214138154451365,13.102441334135001
2025-01-10,9,35.42021068032605,34.850210020607435,0.570000659718616,1.6223416793494865,31.993524232625976,0.750809470921753,0.9821773227802034,354.2021068032605,3.814372374742407,13.293167835657602
2025-01-11,10,35.99655703964274,35.42021068032605,0.5763463593166875,1.61407156966724,32.00694326579852,0.7484377651953332,0.9802670701842687,359.9655703964274,3.8072473664959245,13.485350383340217
2025-01-12,11,36.57905500501669,35.99655703964274,0.5824979653739533,1.6052512882389072,32.01870687063526,0.7457909541070658,0.97837024229645,365.7905500501669,3.8000430370044658,13.678846593462847
2025-01-13,12,37.16801520408348,36.57905500501669,0.5889601990667899,1.5972776114561493,32.02881205563663,0.7435172874817587,0.9764874202100186,371.68015204083486,3.7927618124372913,13.873564295807048
2025-01-14,13,37.763764698835445,37.16801520408348,0.5957494947519635,1.5901451926424959,32.03725628194551,0.7416173365622603,0.9746175470134423,377.63764698835445,3.7853998099489563,14.069579768971755
2025-01-15,14,38.366647314577,37.763764698835445,0.6028826157415565,1.5838485642886901,32.044037463563086,0.7400915706983057,0.9727595801509868,383.66647314577,3.777952941264557,14.266972591718803
2025-01-16,15,38.9770239864901,38.366647314577,0.6103766719131016,1.5783821312612873,32.04915396747833,0.7389403573173752,0.9709124913750536,389.77023986490104,3.7704169085677877,14.4658255759938
2025-01-17,16,39.5952731254045,38.9770239864901,0.6182491389144005,1.5737401642017332,32.052604613711615,0.7381639619148865,0.969075266716958,395.95273125404503,3.762787200168874,14.666224695704013
2025-01-18,17,40.22179100439722,39.5952731254045,0.6265178789927148,1.5699167931214788,32.054388675273046,0.7377625480635647,0.9672469064754723,402.2179100439722,3.7550590859324435,14.868259010952688
2025-01-19,18,40.85699216787694,40.22179100439722,0.6352011634797208,1.5669060011991103,32.05450587803585,0.7377361774419343,0.9654264252224614,408.5699216787694,3.7472276124450348,15.072020587367058
2025-01-20,19,41.50130986484138,40.85699216787694,0.6443176969644426,1.5647016187855693,32.05295640052518,0.7380848098818339,0.9636128518249297,415.01309864841386,3.739287597901538,15.27760441009025
2025-01-21,20,42.1551965080298,41.50130986484138,0.6538866431884216,1.5632973176237455,32.0497408736228,0.7388083034348695,0.9618052294828032,421.55196508029803,3.7312336266894826,15.485108291935612
2025-01-22,21,42.81912416072851,42.1551965080298,0.6639276526987032,1.5626866052888502,32.044860380187906,0.7399064144577212,0.9600026157817576,428.19124160728506,3.7230600436496273,15.694632775124406
2025-01-23,22,43.49358505302525,42.81912416072851,0.674460892296743,1.562862819856189,32.038316454594394,0.7413787977162614,0.9582040827604051,434.9358505302525,3.714760947990894,15.906281025944761
2025-01-24,23,44.17909212934877,43.49358505302525,0.6855070763235176,1.563819124802971,32.03011108218485,0.7432250065084082,0.9564087169911439,441.79092129348766,3.7063301868371843,16.120158721579802
2025-01-25,24,44.876179629172505,44.17909212934877,0.6970874998237377,1.5655485041509039,32.02024669864148,0.7454444928056672,0.9546156196739682,448.7617962917251,3.6977613483831404,16.336373928256368
2025-01-26,25,45.585403702807504,44.876179629172505,0.7092240736349993,1.5680437578563329,32.00872618927422,0.7480366074133004,0.9528239067425306,455.854037028075,3.6890477546353435,16.55503696976112
2025-01-27,26,46.30691219647446,45.585403702807504,0.7215084936669527,1.5703670407281765,31.995552888226115,0.7505558889717356,0.9510327089817419,463.06912196474457,3.680182453714906,16.776260285258267
2025-01-28,27,47.040269817471746,46.30691219647446,0.733357620997289,1.5712798039712461,31.980730577596166,0.7524086778004793,0.949242232030179,470.40269817471744,3.6711635975440693,17.00002503703665
2025-01-29,28,47.785877372552804,47.040269817471746,0.7456075550810581,1.572610389611808,31.964263486479734,0.7544670641900333,0.9474540881866192,477.858773725528,3.661996627281603,17.22613094179981
2025-01-30,29,48.54414971912145,47.785877372552804,0.7582723465686456,1.574354396984862,31.946156289926506,0.7567304637591867,0.9456678028239766,485.44149719121447,3.65267653284309,17.454635288004123
2025-01-31,30,49.315516145526644,48.54414971912145,0.7713664264051943,1.5765073294483676,31.926414107816186,0.7591982365229768,0.9438829098711445,493.1551614552664,3.643198128510982,17.685595540686016
2025-02-01,31,50.10042076656107,49.315516145526644,0.7849046210344284,1.5790645939692514,31.905042503651742,0.7618696870435322,0.9420989518662597,501.0042076656107,3.633556048180917,17.9190691959742
2025-02-02,32,50.89932293480193,50.10042076656107,0.7989021682408577,1.582021500800568,31.882047483270345,0.7647440645912069,0.9403154800115654,508.99322934801927,3.6237447404179868,18.155113624555376
2025-02-03,33,51.71269766844555,50.89932293480193,0.8133747336436201,1.5853732632512545,31.857435493471854,0.7678205633160182,0.9385320542296531,517.1269766844555,3.613758463314976,18.393785903264252
2025-02-04,34,52.54103609630099,51.71269766844555,0.8283384278554422,1.5891149975498664,31.831213420564705,0.7710983224294119,0.9367482432208587,525.4103609630099,3.6035912791444304,18.63514263390429
2025-02-05,35,53.384845920621714,52.54103609630099,0.8438098243207222,1.5932417228035074,31.80338858882925,0.7745764263963437,0.9349636245215864,533.8484592062171,3.5932370487962375,18.879239748336914
2025-02-06,36,54.24465189846878,53.384845920621714,0.859805977847067,1.5977483610532193,31.773968758898203,0.7782539051377246,0.9331777845633411,542.4465189846878,3.5826894259922284,19.126132298803572
2025-02-07,37,55.12099634231386,54.24465189846878,0.8763444438450776,1.602629737426896,31.742962126054092,0.7821297342432385,0.9313903187322385,551.2099634231386,3.5719418512691403,19.375874232366666
2025-02-08,38,56.014439640605644,55.12099634231386,0.8934432982917855,1.607880580390738,31.710377318443577,0.7862028351945529,0.9296008314287758,560.1443964060564,3.5609875457210767,19.628518148271667
2025-02-09,39,56.925560799039154,56.014439640605644,0.9111211584335095,1.6134955221001759,31.676223395208257,0.7904720755989678,0.9278089361276326,569.2556079903916,3.5498195044924294,19.884115036943584
2025-02-10,40,57.85495800328347,56.925560799039154,0.9293972042443173,1.6194690988510707,31.64050984453181,0.7949362694335238,0.926014255437285,578.5495800328347,3.5384304900120105,20.142713999235262
2025-02-11,41,58.80324920394035,57.85495800328347,0.9482912006568753,1.6257957516318986,31.603246581603074,0.7995941772996158,0.9242164211592057,588.0324920394035,3.5268130249589564,20.404361944443355
2025-02-12,42,59.77107272452343,58.80324920394035,0.9678235205830816,1.6324698267775066,31.564443946494873,0.8044445066881409,0.922415074346433,597.7107272452344,3.5149593849507457,20.669103265498755
2025-02-13,43,60.75908789326548,59.77107272452343,0.9880151687420522,1.639485576724929,31.524112701958128,0.809485912255234,0.9206098653612869,607.5908789326548,3.502861590943457,20.93697948962212
2025-02-14,44,61.76797569957935,60.75908789326548,1.0088878063138722,1.6468371608716301,31.482264031130928,0.814716996108634,0.9188004539320154,617.6797569957936,3.4905114013341816,21.20802890261088
2025-02-15,45,62.79843947601714,61.76797569957935,1.0304637764377844,1.6545186465363921,31.438909535162214,0.8201363081047233,0.9169865092081556,627.9843947601714,3.4779003037552583,21.482286144791445
2025-02-16,46,63.85120560659135,62.79843947601714,1.0527661305742129,1.6625240100229917,31.394061230749543,0.8257423461563071,0.9151677098143944,638.5120560659135,3.465019506549786,21.759781776528552
2025-02-17,47,64.92702426234159,63.85120560659135,1.0758186557502398,1.6708471377866143,31.347731547590655,0.8315335565511681,0.9133437439027203,649.2702426234159,3.451859929917608,22.040541811032323
2025-02-18,48,66.02667016505039,64.92702426234159,1.0996459027088008,1.6794818277028878,31.299933325748253,0.8375083342814684,0.9115143092026561,660.2667016505039,3.43841219672073,22.32458721204181
2025-02-19,49,67.15094338003281,66.02667016505039,1.1242732149824235,1.6884217904392311,31.250679812927604,0.8436650233840495,0.9096791130693688,671.5094338003282,3.4246666229368703,22.611933353790974
2025-02-20,50,68.30067013894538,67.15094338003281,1.1497267589125642,1.6976606509281131,31.199984661666434,0.8500019172916957,0.9078378725294557,683.0067013894537,3.4106132077495896,22.902589440478483
2025-02-21,51,69.47670369358146,68.30067013894538,1.1760335546360778,1.707191949941659,31.147861926436594,0.8565172591954258,0.9059903143242072,694.7670369358145,3.3962416232631827,23.196557882265502
2025-02-22,52,70.67992520164245,69.47670369358146,1.2032215080609916,1.7170091457668846,31.09432606065707,0.8632092424178661,0.9041361749501556,706.7992520164245,3.3815412038302317,23.49383362461497
2025-02-23,53,71.91124464549635,70.67992520164245,1.2313194438539057,1.727105615980741,31.03939191361771,0.8700760107977863,0.9022752006967188,719.1124464549636,3.3665009349794692,23.794403427560823
2025-02-24,54,73.1716017849579,71.91124464549635,1.2603571394615471,1.7374746593239694,30.98307472731315,0.8771156590858564,0.900407147680756,731.716017849579,3.3511094419312957,24.098245091255418
2025-02-25,55,74.46196714514797,73.1716017849579,1.2903653601900658,1.7481094976726381,30.925390133186394,0.8843262333517008,0.8985317818778549,744.6196714514797,3.3353549776880262,24.40532662388654
2025-02-26,56,75.78334304051278,74.46196714514797,1.3213758953648096,1.7590032781060796,30.86635414878151,0.8917057314023111,0.8966488791501785,757.8334304051277,3.3192254106856502,24.715605347781516
2025-02-27,57,77.13676463610754,75.78334304051278,1.3534215955947673,1.7701490750698008,30.805983174304867,0.8992521032118916,0.8947582252707021,771.3676463610755,3.30270821199359,25.02902693922288
2025-02-28,58,78.52330104727243,77.13676463610754,1.386536411164883,1.781539892631817,30.744293989094285,0.9069632513632144,0.8928596159436784,785.2330104727242,3.285790442048656,25.34552439718789
2025-03-01,59,79.9440564788534,78.52330104727243,1.4207554315809716,1.7931686668306754,30.681303747995624,0.914837031500547,0.8909528568211754,799.440564788534,3.2684587369090945,25.665016935890062
2025-03-02,60,81.40017140514385,79.9440564788534,1.4561149262904536,1.8050282681133158,30.617029977646194,0.9228712527942258,0.8890377635155385,814.0017140514385,3.2506992940143324,25.987408795645067
2025-03-03,61,82.89282379174759,81.40017140514385,1.4926523866037371,1.817111503860779,30.551490572664388,0.9310636784169515,0.8871141616076325,828.9282379174758,3.232497857435702,26.312587966202642
2025-03-04,62,84.42323036058752,82.89282379174759,1.5304065688399362,1.8294111209996076,30.484703791745034,0.9394120260318708,0.88518188665073,844.2323036058752,3.2138397026031553,26.64042481628058
2025-03-05,63,85.99264789930866,84.42323036058752,1.5694175387211402,1.8419198086966635,30.41668825365987,0.9479139682925162,0.8832407841699188,859.9264789930866,3.194709620492656,26.970770622603663
2025-03-06,64,87.60237461634748,85.99264789930866,1.6097267170388108,1.8546302011349503,30.347462933162586,0.9565671333546768,0.8812907096569043,876.0237461634747,3.1750919012586416,27.303455991288082
2025-03-07,65,89.2537515429639,87.60237461634748,1.6513769266164218,1.867534880367877,30.277047156797916,0.9653691054002604,0.8793315285601003,892.537515429639,3.1549703172956565,27.638289163919076
2025-03-08,66,90.94816398355495,89.2537515429639,1.6944124405910514,1.8806263792492766,30.205460598614298,0.9743174251732127,0.8773631162698996,909.4816398355496,3.1343281057129513,27.975054200143244
2025-03-09,67,92.68704301559232,90.94816398355495,1.7388790320373744,1.8938971844363919,30.13272327577944,0.9834095905275699,0.875385358099029,926.8704301559233,3.1131479502055632,28.313509028036357
2025-03-10,68,94.47186704054833,92.68704301559232,1.7848240249560092,1.9073397394628564,30.058855544098506,0.9926430569876867,0.8733981492579032,944.7186704054833,3.091411962305096,28.653383352908914
2025-03-11,69,96.30044286398756,94.47186704054833,1.8285758234392233,1.9170830686147746,29.98387809343427,1.0,0.8714013948248975,963.0044286398756,3.069101661993146,28.99437641457424
2025-03-12,70,98.16008795850611,96.30044286398756,1.8596450945185552,1.912677888624789,29.90781194302892,1.0,0.869399040283995,981.6008795850611,3.0462444642001554,29.33546909744455
2025-03-13,71,100.0512570993844,98.16008795850611,1.89116914087829,1.9082929187240143,29.830678436726995,1.0,0.8674058721472792,1000.512570993844,3.0229989005186737,29.67378379733803
2025-03-14,72,101.97441065347128,100.0512570993844,1.9231535540868805,1.903928020098131,29.7524992380991,1.0,0.8654218273173322,1019.7441065347128,2.999658286004104,30.011958238329534
2025-03-15,73,103.9300146349,101.97441065347128,1.9556039814287232,1.8995830552015502,29.67329632546607,1.0,0.8634468432734319,1039.300146349,2.9868372623101913,30.458096954190935
2025-03-16,74,105.91854076123008,103.9300146349,1.988526126330072,1.8952578877429491,29.593091986823143,1.0,0.8614808580649768,1059.1854076123007,2.973799902434,30.90670673812298
2025-03-17,75,107.94046651001732,105.91854076123008,2.0219257487872397,1.890952382671002,29.511908814663997,1.0,0.8595238103050008,1079.4046651001731,2.9605430615917996,31.357640094458787
2025-03-18,76,109.99627517581449,107.94046651001732,2.055808665797173,1.886666406160308,29.42976970070421,1.0,0.8575756391637763,1099.962751758145,2.9470635565998844,31.81074151340623
2025-03-19,77,112.08645592760458,109.99627517581449,2.0901807517900863,1.88239982559751,29.346697830504098,1.0,0.8556362843625045,1120.8645592760458,2.93335816549457,32.26584719609632
2025-03-20,78,114.21150386666913,112.08645592760458,2.125047939064558,1.8781525095675984,29.262716677990653,1.0,0.8537056861670901,1142.1150386666914,2.919423627149303,32.722784771847785
2025-03-21,79,116.37192008489414,114.21150386666913,2.1604162182250093,1.8739243278404047,29.177849999878465,1.0,0.8517837853820021,1163.7192008489415,2.9052566408888723,33.18137300745456
2025-03-22,80,118.56821172351535,116.37192008489414,2.1962916386212044,1.8697151513572745,29.09212182998957,1.0,0.8498705233442156,1185.6821172351536,2.8908538661007057,33.64142150829786
2025-03-23,81,120.80089203230568,118.56821172351535,2.2326803087903357,1.8655248522179213,29.005556473472183,1.0,0.8479658419172369,1208.0089203230568,2.876211921843231,34.10273041108073
2025-03-24,82,123.07048042920698,120.80089203230568,2.269588396901298,1.861353303667456,28.918178500918362,1.0,0.8460696834852073,1230.7048042920696,2.8613273864512956,34.56509006797823
2025-03-25,83,125.37750256040836,123.07048042920698,2.3070221312013786,1.8572003800835912,28.8300127423806,1.0,0.8441819909470869,1253.7750256040836,2.84619679713862,35.028280721992004
2025-03-26,84,127.72249036087346,125.37750256040836,2.3449878004651055,1.8530659569640164,28.741084281287602,1.0,0.8423027077109165,1277.2249036087346,2.8308166495972777,35.49207217329293
2025-03-27,85,130.10598211531914,127.72249036087346,2.3834917544456715,1.848949910913941,28.651418448259363,1.0,0.8404317776881549,1301.0598211531915,2.815183397594177,35.95622343633133
2025-03-28,86,132.52852251964765,130.10598211531914,2.4225404043285153,1.8448521196338048,28.561040814821837,1.0,0.838569145288093,1325.2852251964766,2.799293452564539,36.420482387489194
2025-03-29,87,134.99066274283504,132.52852251964765,2.46214022318739,1.84077246190715,28.469977187021517,1.0,0.8367147554123409,1349.9066274283505,2.7831431832023488,36.88458540304364
2025-03-30,88,137.49296048927783,134.99066274283504,2.5022977464427925,1.8367108175886562,28.378253598940322,1.0,0.8348685534493892,1374.9296048927783,2.7667289150477665,37.3482569872063
2025-03-31,89,140.03598006160036,137.49296048927783,2.543019572322521,1.8326670675923307,28.285896306111272,1.0,0.8330304852692412,1400.3598006160037,2.750046930071481,37.81120938999779
2025-04-01,90,142.6202924239254,140.03598006160036,2.5843123623250506,1.8286410938798576,28.192931778835472,1.0,0.8312004972181171,1426.2029242392541,2.7330934662559976,38.27314221471151
2025-04-02,91,145.24647526561026,142.6202924239254,2.6261828416848516,1.8246327794490993,28.099386695400998,1.0,0.8293785361132269,1452.4647526561027,2.7158647171738304,38.73374201471532
2025-04-03,92,147.9151130654506,145.24647526561026,2.6686377998403543,1.8206420083227481,28.005287935204425,1.0,0.8275645492376127,1479.1511306545062,2.6983568315625983,39.19268187933474
2025-04-04,93,150.6267971563549,147.9151130654506,2.711684090904299,1.8166686655371287,27.910662571775745,1.0,0.8257584843350584,1506.267971563549,2.680565912896996,39.6496210085552
2025-04-05,94,153.3821257904913,150.6267971563549,2.75532863413639,1.8127126371311448,27.815537865707437,1.0,0.8239602896050657,1533.821257904913,2.662488018957634,40.104204276275674
2025-04-06,95,156.1817042049097,153.3821257904913,2.7995784144183915,1.808773810135373,27.71994125748878,1.0,0.8221699136978967,1561.817042049097,2.6441191613967248,40.55606178184008
2025-04-07,96,159.02614468764142,156.1817042049097,2.844440482731727,1.8048520725612955,27.623900360246243,1.0,0.8203873057096798,1590.261446876414,2.6254553053006022,41.00480838956695
2025-04-08,97,161.9160666442788,159.02614468764142,2.88992195663738,1.8009473133906764,27.52744295239121,1.0,0.8186124151775801,1619.160666442788,2.6064923687490573,41.45004325599208
2025-04-09,98,164.8520966650371,161.9160666442788,2.9360300207582952,1.797059422565071,27.430596970176016,1.0,0.8168451920750321,1648.520966650371,2.587226222371475,41.891349344532536
2025-04-10,99,167.83486859230143,164.8520966650371,2.982771927264338,1.7931882909754766,27.333390500159847,1.0,0.8150855868070348,1678.3486859230143,2.5676526888997526,42.328292927274454
2025-04-11,100,170.8650235886608,167.83486859230143,3.0301549963593573,1.789333810452113,27.2358517715855,1.0,0.8133335502055059,1708.650235886608,2.5477675427179904,42.76042307358046
2025-04-12,101,173.94321020543194,170.8650235886608,3.0781866167711485,1.7854958737543358,27.138009148668818,1.0,0.811589033524698,1739.4321020543193,2.527566509408928,43.18727112520655
2025-04-13,102,177.07008445167534,173.94321020543194,3.1268742462434034,1.781674374560679,27.039891122801986,1.0,0.8098519884366722,1770.7008445167535,2.5070452652971205,43.608350157610985
2025-04-14,103,180.246309863706,177.07008445167534,3.1762254120306466,1.777869207459027,26.941526304672593,1.0,0.8081223670268304,1802.4630986370598,2.486199436988831,44.023154427132006
2025-04-15,104,183.4725575751012,180.246309863706,3.2262477113952173,1.774080267936911,26.84294341629999,1.0,0.8064001217895049,1834.725575751012,2.4650246009086265,44.43115880370345
2025-04-16,105,186.7495063872081,183.4725575751012,3.2769488121068946,1.7703074523719298,26.74417128299081,1.0,0.8046852056236043,1867.495063872081,2.4435162828326584,44.83181818877122
2025-04-17,106,190.07784284015312,186.7495063872081,3.328336452945024,1.7665506580222918,26.64523882521556,1.0,0.8029775718283144,1900.778428401531,2.4216699574186125,45.22456691806571
2025-04-18,107,193.45826128435635,190.07784284015312,3.3804184442032295,1.7628097830174803,26.546175050408227,1.0,0.8012771740988546,1934.5826128435635,2.3994810477323125,45.608818148878846
2025-04-19,108,196.89146395255275,193.45826128435635,3.433202668196401,1.7590847263490328,26.447009044691015,1.0,0.7995839665222876,1968.9146395255275,2.3769449247709575,45.98396323148647
2025-04-20,109,200.37816103232308,196.89146395255275,3.486697079770323,1.7553753878614422,26.347769964526336,1.0,0.7978979035733827,2003.7816103232308,2.3540569069829815,46.349371064349754
2025-04-21,110,203.91907073913694,200.37816103232308,3.5409097068138635,1.751681668243169,26.248487028298356,1.0,0.7962189401105313,2039.1907073913694,2.330812259784513,46.7043874327214
2025-04-22,111,207.51491938991066,203.91907073913694,3.5958486507737177,1.7480034690177686,26.149189507826406,1.0,0.7945470313717129,2075.1491938991066,2.3072061950724203,47.048334330274784
2025-04-23,112,211.16644147708206,207.51491938991066,3.6515220871714007,1.74434069253513,26.04990671981272,1.0,0.7928821329705136,2111.6644147708207,2.283233870733929,47.380509263366505
2025-04-24,113,214.2910627944739,211.16644147708206,3.124621317391842,1.468855274540202,25.95066801722699,0.8438335021533739,0.7912242008921936,2142.910627944739,2.258890390152786,47.70018453753414
2025-04-25,114,217.40946091681099,214.2910627944739,3.1183981223370836,1.444729478575444,25.85150278063038,0.8314378475787975,0.789830796669448,2174.09460916811,2.238059581370174,47.959616628917004
2025-04-26,115,220.52034706800535,217.40946091681099,3.1108861511943644,1.4207475365250695,25.75244040944165,0.8190550511802063,0.7884626727514515,2205.203470680053,2.2172702605545935,48.205553205405124
2025-04-27,116,223.62244118138398,220.52034706800535,3.1020941133786266,1.3969131728082311,25.65351031314827,0.8066887891435338,0.7871195703225177,2236.2244118138397,2.196531019546631,48.43797827760627
2025-04-28,117,226.7144736274889,223.62244118138398,3.0920324461049233,1.3732301015328658,25.55474190246522,0.7943427378081526,0.7858012303594712,2267.144736274889,2.175850392124107,48.656897633226436
2025-04-29,118,229.79518692974546,226.7144736274889,3.080713302256555,1.3497020264742126,25.45616458044459,0.7820205725555737,0.7845073936095768,2297.951869297455,2.1552368424834074,48.86233862861969
2025-04-30,119,232.86333746461492,229.79518692974546,3.06815053486946,1.3263326410224532,25.357807733538888,0.7697259666923609,0.7832378005677684,2328.633374646149,2.134698753801697,49.054349916855564
2025-05-01,120,235.91769714289538,232.86333746461492,3.0543596782804627,1.303125628099172,25.259700722621222,0.7574625903276527,0.7819921914532403,2359.1769714289535,2.114244416902567,49.23300111358604
2025-05-02,121,238.95705506889084,235.91769714289538,3.0393579259954606,1.2800846600423015,25.16187287396546,0.7452341092456826,0.7807703061854485,2389.5705506889085,2.093882019047364,49.39838240225702
2025-05-03,122,241.9802191742351,238.95705506889084,3.02316410534425,1.2572133984592686,25.064353470189715,0.7330441837737144,0.7795718843595788,2419.8021917423507,2.073619632874061,49.55060408046202
2025-05-04,123,244.98601782323342,241.9802191742351,3.0057986489983364,1.234515494048045,24.967171741166393,0.7208964676457991,0.778396665221536,2449.860178232334,2.0534652055050993,49.68979604947896
2025-05-05,124,247.97330138666825,244.98601782323342,2.987283563434829,1.211994586385812,24.87035685490221,0.7087946068627761,0.7772443876425058,2479.7330138666825,2.0334265478451106,49.81610724926182
2025-05-06,125,250.94094378110967,247.97330138666825,2.9676423944414125,1.1896543036849974,24.773937908391673,0.6967422385489591,0.7761147900931449,2509.4094378110967,2.0135113240888782,49.92970504137608
2025-05-07,126,253.88784397087284,250.94094378110967,2.94690018976317,1.1674982625164103,24.6779439184475,0.6847429898059375,0.7750076106174523,2538.8784397087284,1.9993727041459268,50.17244733485683
2025-05-08,127,256.81292742987426,253.88784397087284,2.925083459001428,1.1455300674992432,24.582403812511547,0.6728004765639434,0.7739225868063746,2568.1292742987425,1.997408104019418,50.711763705943895
2025-05-09,128,259.7151475607553,256.81292742987426,2.9022201308810622,1.1237533109577174,24.487346419449935,0.6609183024312418,0.7728594557712002,2597.1514756075535,1.995458048380084,51.245942296799306
2025-05-10,129,262.59348706876665,259.7151475607553,2.8783395080113223,1.1021715725441545,24.392800460336016,0.649100057542002,0.7718179541167939,2625.9348706876663,1.9935232349594965,51.77481811333
2025-05-11,130,265.44695928803753,262.59348706876665,2.853472219270884,1.0807884188282757,24.29879453922491,0.6373493174031138,0.7707978179147282,2654.4695928803753,1.9916043419541556,52.298232901503795
2025-05-12,131,268.2746094579914,265.44695928803753,2.82765016995387,1.0596074028525573,24.205357133923496,0.6256696417404369,0.7697987826763625,2682.746094579914,1.9897020271413084,52.81603529939046
2025-05-13,132,271.0755159478111,268.2746094579914,2.800906489819681,1.0386320636534596,24.112516586759558,0.6140645733449447,0.7688205833259243,2710.7551594781107,1.9878169270280057,53.32808097724228
2025-05-14,133,273.8487914270055,271.0755159478111,2.7732754791944103,1.0178659257483842,24.020301095354046,0.6025376369192558,0.7678629541736489,2738.487914270055,1.9859496560347927,53.83423276560094
2025-05-15,134,276.59358398028206,273.8487914270055,2.744792553276568,0.9973124985882408,23.92873870340041,0.5910923379250511,0.7669256288890266,2765.9358398028207,1.9841008057153298,54.33436077144909
2025-05-16,135,279.3090781650849,276.59358398028206,2.7154941848028216,0.9769752759754693,23.837857291454785,0.5797321614318481,0.7660083404742165,2793.090781650849,1.9822709440131452,54.828342482457295
2025-05-17,136,281.99449601031904,279.3090781650849,2.6854178452341557,0.9568577354474742,23.74768456774129,0.5684605709676614,0.7651108212376774,2819.9449601031906,1.9804606145566102,55.31606285940643
2025-05-18,137,284.64909795494407,281.99449601031904,2.6546019446250284,0.9369633376253309,23.658248058976145,0.5572810073720181,0.7642328027680723,2846.4909795494405,1.9786703359931206,55.797414416894874
2025-05-19,138,287.27218372528426,284.64909795494407,2.6230857703401966,0.9172955255277473,23.569575101214852,0.5461968876518565,0.7633740159085,2872.7218372528428,1.9769006013633705,56.27229729246698
2025-05-20,139,289.86309315007145,287.27218372528426,2.590909424787185,0.8978577238502237,23.48169283072644,0.5352116038408051,0.7625341907311086,2898.6309315007143,1.9751518775164771,56.740619304325364
2025-05-21,140,292.4212069124026,289.86309315007145,2.5581137623311747,0.8786533382093978,23.394628174898855,0.5243285218623569,0.7617130565121465,2924.212069124026,1.973424604566619,57.20229599781368
2025-05-22,141,294.94594723796376,292.4212069124026,2.5247403255611403,0.8596857543525722,23.30840784317954,0.5135509803974426,0.7609103417075042,2949.459472379637,1.9717191953917317,57.65725068088016
2025-05-23,142,297.4367785190407,294.94594723796376,2.4908312810769075,0.8409583373324558,23.22305831805539,0.5028822897569237,0.7601257739288042,2974.3677851904067,1.9700360351746908,58.105414448752164
2025-05-24,143,299.8932078740043,297.4367785190407,2.456429354963632,0.8224744306471666,23.138605846076093,0.4923257307595116,0.7593590799200932,2998.932078740043,1.9683754809873062,58.54672619807316
2025-05-25,144,302.3147856421271,299.8932078740043,2.421577768122802,0.8042373553455838,23.05507642892512,0.48188455361563987,0.7586099855351912,3023.1478564212707,1.9667378614173305,58.98113263077022
2025-05-26,145,304.7011058137496,302.3147856421271,2.386320171622515,0.7862504090981196,22.972495814542246,0.47156197681778067,0.757878215715756,3047.011058137496,1.9651234762385819,59.40858824793785
2025-05-27,146,307.0518063959835,304.7011058137496,2.3507005822338556,0.7685168652330793,22.89088948830198,0.46136118603774745,0.7571634944701153,3070.5180639598348,1.963532596124167,59.82905533403763
2025-05-28,147,309.3665697142942,307.0518063959835,2.3147633183107246,0.7510399717387397,22.81028266425182,0.45128533303147733,0.7564655448529262,3093.665697142942,1.9619654624026777,60.24250393172731
2025-05-29,148,311.645122650467,309.3665697142942,2.2785529361727868,0.7338229502313273,22.730700276414456,0.441337534551807,0.7557840889457141,3116.45122650467,1.9604222868571373,60.64891180764446
2025-05-30,149,313.8872368176123,311.645122650467,2.242114167145303,0.7168689948891382,22.65216697015812,0.431520871269765,0.7551188478383513,3138.872368176123,1.9589032515663554,61.04826440947954
2025-05-31,150,316.0927286730172,313.8872368176123,2.205491855404887,0.7001812713530119,22.574707093638953,0.42183838670486906,0.754469541611528,3160.9272867301715,1.9574085087882584,61.44055481468295
2025-06-01,151,318.2614595697955,316.0927286730172,2.1687308967782997,0.6837629155934728,22.498344689319648,0.41229308616495597,0.7538358893202749,3182.614595697955,1.9559381808846552,61.825783671156806
2025-06-02,152,320.39333574842885,318.2614595697955,2.1318761786333766,0.6676170327448145,22.423103485568188,0.40288793569602344,0.7532176089785916,3203.9333574842885,1.954492360286803,62.20395913028925
2025-06-03,153,322.4883082694275,320.39333574842885,2.094972520998624,0.6517466959065135,22.349006888340856,0.393625861042607,0.7526144175452375,3224.883082694275,1.9530711095010473,62.57509677269255
2025-06-04,154,324.54637288846914,322.4883082694275,2.0580646190416587,0.6361549449123197,22.276077972953345,0.38450974661916815,0.7520260309107442,3245.4637288846916,1.9516744611537151,62.939219527010806
2025-06-05,155,326.5675698754983,324.54637288846914,2.021196987029157,0.6208447850674639,22.204339475943964,0.3755424344929955,0.7514521638857005,3265.675698754983,1.950302418074354,63.296357582164234
2025-06-06,156,328.5519837793862,326.5675698754983,1.984413903887912,0.6058191858544357,22.133813787032853,0.3667267233791066,0.750892530190371,3285.519837793862,1.9489549534163344,63.64654829339873
2025-06-07,157,330.4997431398636,328.5519837793862,1.9477593604773915,0.5910810796078321,22.064522941181053,0.35806536764763164,0.7503468424457025,3304.9974313986363,1.9476320108137426,63.98983608250901
2025-06-08,158,332.41121269308354,330.4997431398636,1.9114695532199448,0.576691283775504,21.99648861075319,0.3495961902366168,0.7498148121657715,3324.112126930835,1.9463335045734242,64.32627233260273
2025-06-09,159,334.2900959283524,332.41121269308354,1.8788832352688587,0.5636371745809101,21.929732097787696,0.341919191245585,0.749296097669404,3342.900959283524,1.9450591915379443,64.65594846189566
2025-06-10,160,336.1366325611672,334.2900959283524,1.8465366328147752,0.550855514450024,21.864274326378126,0.3343915475334845,0.748789471658172,3361.366325611672,1.9438066027144318,64.97952956875723
2025-06-11,161,337.95110012063475,336.1366325611672,1.8144675594675732,0.5383488984382605,21.800135835169403,0.32701562104448134,0.7482946654446782,3379.511001206348,1.9425755782925551,65.29708133828215
2025-06-12,162,339.7338135268134,337.95110012063475,1.7827134061786296,0.5261198773745419,21.737336769972487,0.31979372854683596,0.7478114092271372,3397.3381352681336,1.94136593325291,65.60867528795438
2025-06-13,163,341.48512463366364,339.7338135268134,1.7513111068502667,0.5141709565174175,21.675896876501188,0.31272814079763656,0.7473394320964383,3414.8512463366364,1.9401774576487911,65.91438866057813
2025-06-14,164,343.205421739473,341.48512463366364,1.7202971058093794,0.5025045941902018,21.615835493234542,0.3058210817219723,0.7468784620447367,3432.05421739473,1.939009916910891,66.21430431422253
2025-06-15,165,344.89512906666516,343.205421739473,1.6897073271921386,0.49112320039594703,21.55717154440822,0.2990747276069453,0.7464282259756204,3448.9512906666514,1.9378630521736846,66.50851060946118
2025-06-16,166,346.55470621294546,344.89512906666516,1.6595771462802986,0.4800291354131147,21.49992353313844,0.2924912063109205,0.7459884497158955,3465.547062129455,1.9367365806222232,66.79710129418334
2025-06-17,167,348.18464757577,346.55470621294546,1.6299413628245247,0.4692247083728264,21.444109534681647,0.28607259648838945,0.7455588580290355,3481.8464757577,1.9356301958580364,67.0801753862488
2025-06-18,168,349.7854817521523,348.18464757577,1.6008341763823069,0.458712175818652,21.389747189833344,0.2798209268308345,0.7451391746303359,3497.854817521523,1.93454356828282,67.35783705425263
2025-06-19,169,351.35777091584777,349.7854817521523,1.5722891636954728,0.4484937402498948,21.33685369846913,0.27373817532395006,0.7447291222038154,3513.577709158478,1.933476345498565,67.63019549666065
2025-06-20,170,352.90211017397183,351.35777091584777,1.5443392581240687,0.43857154864942577,21.285445813231266,0.26782626852159563,0.7443284224209057,3529.0211017397187,1.9324281527227682,67.89736481957013
2025-06-21,171,354.4191269051208,352.90211017397183,1.5170167311489422,0.42894769099712293,21.23553983336369,0.2620870808368242,0.7439367959609688,3544.1912690512077,1.931398593217352,68.15946391334442
2025-06-22,172,355.9094800810712,354.4191269051208,1.4903531759504176,0.41962419877005314,21.18715159869863,0.25652243385034246,0.7435539625336801,3559.094800810712,1.9303872487299194,68.41661632836363
2025-06-23,173,357.373859574135,355.9094800810712,1.4643794930638023,0.41060304343053877,21.140296483797627,0.25113409563672706,0.7431796409033136,3573.73859574135,1.9293936799459526,68.66895015012686
2025-06-24,174,358.8129854522438,357.373859574135,1.4391258781088254,0.4018861349033422,21.094989392249897,0.24592378010873808,0.7428135489149662,3588.129854522438,1.9284174269505767,68.91659787393502
2025-06-25,175,360.22760726382813,358.8129854522438,1.4146218115843112,0.39347532004321234,21.0512447511308,0.24089314638004186,0.7424554035227553,3602.276072638281,1.9274580096985041,69.15969627937602
2025-06-26,176,361.61850331454264,360.22760726382813,1.3908960507145025,0.38537238109410626,21.00907650562314,0.23604379814666088,0.7421049208200203,3616.185033145426,1.9265149284907812,69.39838630482791
2025-06-27,177,362.9864799378718,361.61850331454264,1.3679766233291843,0.3775790341414292,20.9684981138039,0.23137728308744848,0.7417618160715616,3629.864799378718,1.9255876644569716,69.63281292218758
2025-06-28,178,364.33237076162754,362.9864799378718,1.3458908237557239,0.37009692755869494,20.929522541598995,0.22689509228388444,0.7414258037479449,3643.3237076162754,1.9246756800414189,69.86312501202643
2025-06-29,179,365.65703597232334,364.33237076162754,1.3246652106957981,0.3629276404500485,20.892162257908485,0.22259865965947573,0.7410965975618988,3656.5703597232337,1.9237784194922483,70.08947523936676
2025-06-30,180,366.9613615793803,365.65703597232334,1.3043256070569669,0.3560726810901446,20.8564292299047,0.2184893614390403,0.7407739105068317,3669.613615793803,1.9228953093517844,70.31201993026573
2025-07-01,181,368.24625868108416,366.9613615793803,1.284897101703848,0.3495334853629092,20.822334918505515,0.2145685156281342,0.7404574548974898,3682.462586810842,1.9220257589470797,70.53091894938622
2025-07-02,182,369.5126627341761,368.24625868108416,1.2664040530919465,0.343311415200774,20.78989027402509,0.2108373815128854,0.7401469424127809,3695.1266273417614,1.9211691608792771,70.74633557872717
2025-07-03,183,370.76153282891914,369.5126627341761,1.2488700947430402,0.33740775702600245,20.75910573200414,0.2072971591804762,0.73984208414078,3707.6153282891914,1.9203248915105493,70.9584363976781
2025-07-04,184,371.9938509714362,370.76153282891914,1.2323181425170446,0.33182372019577805,20.729991209221865,0.20394898906051445,0.7395425906259365,3719.9385097143618,1.9194923114473872,71.16739116455582
2025-07-05,185,373.2106213750698,371.9938509714362,1.2167704036336318,0.326560435452775,20.702556099891513,0.200793951487524,0.7392481719184955,3732.1062137506983,1.9186707660190425,71.3733726997739
2025-07-06,186,374.41286976246516,373.2106213750698,1.2022483873953433,0.3216189533829465,20.676809272041414,0.19783306628476258,0.7389585376261469,3744.1286976246515,1.9178595857499534,71.5765567707874
2025-07-07,187,375.6016426800233,374.41286976246516,1.1887729175581399,0.31700024288235096,20.652759064083387,0.19506729236958953,0.7386733969679127,3756.0164268002327,1.9170580868250233,71.77712197894981
2025-07-08,188,376.7780068263196,375.6016426800233,1.1763641462962937,0.312705189634835,20.63041328157019,0.19249752738057166,0.7383924588302757,3767.780068263196,1.9162655715466512,71.97524964840959
2025-07-09,189,377.94304839602705,376.7780068263196,1.165041569707455,0.30873459460245034,20.60977919414363,0.1901246073265175,0.7381154318255595,3779.4304839602705,1.9154813287824537,72.17112371716831
2025-07-10,190,379.0978724408238,377.94304839602705,1.154824044796726,0.3050891725305239,20.590863532674987,0.18794930625762354,0.7378420243525565,3790.9787244082377,1.9147046344026486,72.36493063041375
2025-07-11,191,380.2436022487083,379.0978724408238,1.1457298078845497,0.3017695504693165,20.57367248659907,0.1859723359588929,0.7375719446594057,3802.4360224870834,1.9139347517061176,72.55685923623454
2025-07-12,192,381.3813787430856,380.2436022487083,1.137776494377249,0.2987762663142628,20.55821170144342,0.1841943456659932,0.737304900908713,3813.813787430856,1.9131709318341945,72.74710068381522
2025-07-13,193,382.5123599029232,381.3813787430856,1.1309811598376314,0.29610976736679856,20.544486276553886,0.18261592180369696,0.7370406012449099,3825.123599029232,1.9124124141712764,72.93584832420342
2025-07-14,194,383.6377202052208,382.5123599029232,1.1253603022975653,0.29377040891781936,20.53250076301777,0.1812375877470434,0.7367787538638358,3836.377202052208,1.9116584267313845,73.12329761373313
2025-07-15,195,384.7586500909683,383.6377202052208,1.1209298857475005,0.2917584528558463,20.52225916178568,0.18005980360535317,0.7365190670845345,3847.586500909683,1.9109081865298527,73.30964602018055
2025-07-16,196,385.8763554557109,384.7586500909683,1.1177053647426192,0.29007406630198135,20.513764921993083,0.17908296602920454,0.7362612494232436,3858.763554557109,1.9101608999393545,73.49509293172152
2025-07-17,197,386.99205716577336,385.8763554557109,1.115701710062467,0.28871732027379715,20.50702093948257,0.1783074080404954,0.7360050096695583,3869.9205716577335,1.909415763029526,73.67983956875189
2025-07-18,198,388.1069906011359,386.99205716577336,1.114933435362559,0.28768818838027216,20.50202955552756,0.1777333988856694,0.7357500569647457,3881.0699060113593,1.9086719618894845,73.86408889862442
2025-07-19,199,389.22240522589203,388.1069906011359,1.115414624756113,0.2869865455499473,20.49879255575831,0.1773611439122057,0.7354961008821805,3892.2240522589204,1.907928672932576,74.0480455533481
2025-07-20,200,390.3395641871562,389.22240522589203,1.117158961264181,0.2866121667944764,20.497311169290853,0.1771907844684481,0.7352428515098718,3903.395641871562,1.9071850631827387,74.23191575028804
2025-07-21,201,391.4597439432311,390.3395641871562,1.12017975607489,0.28656472600974364,20.497586068059427,0.17722239782683405,0.7349900195350466,3914.5974394323107,1.9064402905418958,74.4159072158959
2025-07-22,202,392.58423392178196,391.4597439432311,1.124489978550855,0.2868437948167476,20.499617366352894,0.17745599713058274,0.7347373163307499,3925.8423392178197,1.905693504037846,74.6002291124934
2025-07-23,203,393.7143362087094,392.58423392178196,1.1301022869274675,0.287448841444456,20.503404620555585,0.1778915313638923,0.7344844540444215,3937.1433620870944,1.9049438440521453,74.7850919681226
2025-07-24,204,394.85136526835265,393.7143362087094,1.1370290596432255,0.28837922965682133,20.508946829092825,0.17852888534567482,0.7342311456884003,3948.5136526835267,1.9041904425275271,74.9707076094694
2025-07-25,205,395.9966476955997,394.85136526835265,1.1452824272470252,0.2896342177261599,20.516242432581357,0.1793678797468561,0.7339771052323097,3959.9664769559968,1.9034324231544315,75.15728909785761
2025-07-26,206,397.15152200042695,395.9966476955997,1.154874304827274,0.2912129574550893,20.525289314184842,0.18040827113125688,0.7337220476972677,3971.5152200042694,1.9026689015362668,75.34505066830306
2025-07-27,207,398.31733842533646,397.15152200042695,1.165816424909508,0.2931144932492091,20.536084800174418,0.18164975202005806,0.7334656892518653,3983.1733842533645,1.9018989853330488,75.5342076716088
2025-07-28,208,399.4954587961071,398.31733842533646,1.178120370770614,0.29533776124268496,20.548625660694245,0.1830919509798382,0.7332077473098527,3994.9545879610705,1.901121774383109,75.72497651947329
2025-07-29,209,400.6872564062273,399.4954587961071,1.1917976101202044,0.29788158847891383,20.562908110732,0.18473443273417994,0.7329479406294666,4006.872564062273,1.9003363608025954,75.91757463257572
2025-07-30,210,401.8941159353279,400.6872564062273,1.2068595291005977,0.3007446921483719,20.578927811293905,0.18657669829879908,0.7326859894143297,4018.9411593532786,1.8995418290625152,76.1122203915926
2025-07-31,211,403.11743340188707,401.8941159353279,1.2233174665591946,0.30392567888578476,20.59667987078415,0.1886181851401773,0.7324216154158518,4031.174334018871,1.8987372560431148,76.3091330910918
2025-08-01,212,404.35861615043524,403.11743340188707,1.2411827485481695,0.3074230441286681,20.61615884658811,0.19085826735763267,0.732154542037052,4043.5861615043523,1.8979217110654085,76.50853289624054
2025-08-02,213,405.61908287344517,404.35861615043524,1.2604667230099267,0.31123517153930547,20.637358746858972,0.19329625588878174,0.7318844944377249,4056.1908287344513,1.89709425589971,76.71064080225464
2025-08-03,214,406.90026366805205,405.61908287344517,1.2811807946068825,0.3153603324921586,20.660273032507117,0.19593139873831844,0.7316111996408655,4069.0026366805205,1.8962539447510365,76.9156785965068
2025-08-04,215,408.20360012770965,406.90026366805205,1.3033364596576007,0.3197966856286691,20.684894619391535,0.19876288123002656,0.7313343866402645,4082.0360012770966,1.8953998242212986,77.1238688232026
2025-08-05,216,409.5305454688514,408.20360012770965,1.3269453411417658,0.32454227648137157,20.711215880712512,0.20178982628193887,0.7310537865091827,4095.305454688514,1.8945309332481937,77.33543475052223
2025-08-06,217,410.8825646925924,409.5305454688514,1.3520192237409674,0.3295950371691792,20.739228649604694,0.20501129470453983,0.7307691325100099,4108.825646925924,1.8936463030207658,77.5506003401168
2025-08-07,218,412.26113478147346,410.8825646925924,1.3785700888810766,0.3349527861656501,20.768924221929577,0.20842628552190134,0.7304801602048094,4122.6113478147345,1.892744956871605,77.76959021883754
2025-08-08,219,413.6677449312201,412.26113478147346,1.4066101497466548,0.3406132281419732,20.800293359266313,0.21203373631562594,0.7301866075666468,4136.677449312201,1.8918259101456845,77.99262965256537
2025-08-09,220,415.10389681745875,413.6677449312201,1.4361518862386333,0.346573953886353,20.833326292099677,0.21583252359146288,0.7298882150915964,4151.038968174587,1.8908881700458533,78.21994452199895
2025-08-10,221,416.57110489730746,415.10389681745875,1.4672080798487173,0.35283244030140903,20.868012723204,0.21982146316846,0.7295847259113186,4165.711048973075,1.8899307354550274,78.45176130024676
2025-08-11,222,418.0708967457334,416.57110489730746,1.4997918484259571,0.359386050481112,20.904341831221632,0.22399931059048772,0.729275885906096,4180.708967457334,1.8889525967351284,78.68830703205906
2025-08-12,223,419.60481342654487,418.0708967457334,1.5339166808114442,0.36623203386871095,20.942302274434542,0.22836476155997237,0.7289614438182134,4196.048134265449,1.8879527355028445,78.92980931452347
2025-08-13,224,421.17440989786775,419.60481342654487,1.5695964713228818,0.3733675264970347,20.981882194727568,0.23291645239367031,0.7286411513655646,4211.744098978677,1.8869301243823033,79.17649627903637
2025-08-14,225,422.7812554519347,421.17440989786775,1.6068455540669788,0.38078955131242603,21.023069221741594,0.23765296050028323,0.7283147633553678,4227.812554519347,1.8858837267347548,79.42859657435021
2025-08-15,226,424.4269341889983,422.7812554519347,1.6456787370635766,0.3884950185835104,21.065850477215008,0.24257280487972593,0.727982037797864,4244.2693418899835,1.884812496365377,79.68633935048493
2025-08-16,227,426.11304552516475,424.4269341889983,1.686111336166448,0.3964807263958887,21.110212579511636,0.2476744466438381,0.7276427360198763,4261.130455251647,1.8837153772073345,79.94995424327816
2025-08-17,228,427.8412047339291,426.11304552516475,1.728159208764339,0.40474336123373517,21.156141648333186,0.2529562895583164,0.7272966227781023,4278.412047339291,1.8825913029832235,80.21967135933694
2025-08-18,229,429.6130435211809,427.8412047339291,1.771838787251795,0.41327949864919644,21.203623309614308,0.2584166806056454,0.7269434663720106,4296.130435211809,1.8814391968440474,80.49572126113932
2025-08-19,230,431.43021063343843,429.6130435211809,1.8171671122575503,0.4220856040203526,21.252642700598077,0.26405391056877886,0.7265830387562102,4314.302106334385,1.8802579709858793,80.77833495202037
2025-08-20,231,433.294372499058,431.43021063343843,1.8641618656195647,0.4311580333984167,21.30318447508983,0.2698662146353303,0.7262151156521621,4332.94372499058,1.8790465262443743,81.06774386076412
2025-08-21,232,435.2072139021579,433.294372499058,1.9128414030998897,0.4404930344447073,21.355232808887,0.2758517730220049,0.7258394766590969,4352.0721390215795,1.8778037516672947,81.36417982550576
2025-08-22,233,437.170438688988,435.2072139021579,1.9632247868300965,0.45008674745782673,21.408771405382662,0.28200871161900615,0.7254559053640063,4371.70438688988,1.876528524065228,81.66787507663565
2025-08-23,234,439.1857705064699,437.170438688988,2.015331817481922,0.45993520649134323,21.463783501340277,0.28833510265413187,0.7250641894505703,4391.857705064699,1.8752197075406747,81.97906221837926
2025-08-24,235,441.25495357262645,439.1857705064699,2.0691830661565405,0.4700343405621709,21.52025187283721,0.29482896537627923,0.7246641208068851,4412.549535726264,1.8738761529956867,82.29797420871104
2025-08-25,236,443.3797534786151,441.25495357262645,2.1247999059886524,0.48037997494966933,21.578158841374243,0.30148826675803797,0.7242554956318543,4433.797534786151,1.872496697618249,82.62484433724369
2025-08-26,237,445.5619580220755,443.3797534786151,2.1822045434603865,0.4909678325854036,21.637486280148483,0.30831092221707557,0.7238381145401048,4455.619580220755,1.8710801643475898,82.9599062007161
2025-08-27,238,447.8033780714984,445.5619580220755,2.2414200494229135,0.5017935355333538,21.69821562048689,0.3152947963559925,0.7234117826652927,4478.0337807149845,1.8696253613186165,83.30339367568531
2025-08-28,239,450.1058484613206,447.8033780714984,2.30247038982219,0.5128526065602022,21.76032785843742,0.3224377037203034,0.7229763097616594,4501.058484613206,1.8681310812856677,83.6555408880083
2025-08-29,240,452.47122891744647,450.1058484613206,2.3653804561258767,0.5241404707952372,21.823803561514925,0.3297374095742164,0.722531510303704,4524.712289174465,1.8665961010257863,84.01658217868044
2025-08-30,241,454.90140501289716,452.47122891744647,2.4301760954506904,0.535652457479237,21.888622875598713,0.33719163069385205,0.7220772035838339,4549.014050128972,1.8650191807217023,84.38675206557578
2025-08-31,242,457.3982891532844,454.90140501289716,2.4968841403872375,0.5473838018015724,21.954765531978623,0.3447980361775416,0.7216132138078604,4573.9828915328435,1.8633990633247353,84.76628520061385
2025-09-01,243,459.9654423998885,457.3982891532844,2.567153246604107,0.5596820235011327,22.02221085454644,0.352776356818305,0.7211393701882056,4599.654423998885,1.8617344738978103,85.15541632185483
2025-09-02,244,462.6082701291088,459.9654423998885,2.6428277292203006,0.5729265688902766,22.090937767129294,0.3613672208911617,0.7206552023041218,4626.082701291088,1.8600230384000742,85.5546319731675
2025-09-03,245,465.3289432538167,462.6082701291088,2.7206731247079006,0.5863933209033736,22.160924800961734,0.3701156001202167,0.7201599135671861,4653.289432538167,1.8582611532472608,85.9646977551838
2025-09-04,246,468.12966846559647,465.3289432538167,2.8007252117797634,0.6000766570546767,22.232150102292962,0.3790187627866203,0.7196533354645408,4681.296684655965,1.8564473711641223,86.38586934301269
2025-09-05,247,471.0126896209638,468.12966846559647,2.8830211553673166,0.6139708611953875,22.304591440125733,0.38807393001571666,0.7191353054002343,4710.126896209637,1.8545802210229356,86.81840240103195
2025-09-06,248,473.98028916259125,471.0126896209638,2.9675995416274645,0.6280701261366424,22.37822621408335,0.39727827676041894,0.7186056667864711,4739.802891625913,1.8526582069193576,87.26255249894386
2025-09-07,249,477.03478957530956,473.98028916259125,3.054500412718312,0.6423685563653466,22.453031462401,0.406628932800125,0.7180642691313778,4770.347895753096,1.850679807224939,87.71857501758454
2025-09-08,250,480.1785548766576,477.03478957530956,3.143765301348026,0.6568601708507116,22.528983870037745,0.4161229837547181,0.71751096812315,4801.785548766576,1.8486434736164603,88.18672504363977
2025-09-09,251,483.4139921417515,480.1785548766576,3.2354372650939354,0.6715389059391638,22.606059776905393,0.42575747211317416,0.716945625710439,4834.139921417514,1.8465476300822283,88.66725725238013
2025-09-10,252,486.7435530622428,483.4139921417515,3.3295609204913035,0.6863986183351303,22.68423518621027,0.4355293982762837,0.7163681101788516,4867.435530622428,1.844390671905499,89.16042577748445
2025-09-11,253,490.16973553913283,486.7435530622428,3.4261824768900055,0.7014330881650718,22.763485772904065,0.44543572161300815,0.7157782962234331,4901.6973553913285,1.8421709646251714,89.66648406697551
2025-09-12,254,493.69508530920507,490.16973553913283,3.525349770072239,0.7166360221219511,22.843786892239688,0.455473361529961,0.7151760650170126,4936.950853092051,1.8398868429739115,90.18568472424522
2025-09-13,255,497.3221976048327,493.69508530920507,3.627112295627626,0.7320010566871956,22.925113588428093,0.46563919855351166,0.7145613042742942,4973.221976048327,1.8375366097938632,90.71827933309689
2025-09-14,256,501.0537188469089,497.3221976048327,3.7315212420762123,0.7475217614270581,23.007440603391974,0.4759300754239967,0.713933908311584,5010.5371884690885,1.8351185349301116,91.2645182656804
2025-09-15,257,504.89234837063907,501.0537188469089,3.8386295237301624,0.7631916423601419,23.090742385612163,0.4863427982015204,0.7132937781020444,5048.9234837063905,1.8326308541020606,91.82465047214244
2025-09-16,258,508.84084018392167,504.89234837063907,3.948491813282601,0.7790041453927219,23.174993099062537,0.49687413738281705,0.7126408213263815,5088.408401839217,1.8300717677529073,92.39892325075722
2025-09-17,259,512.9020047580302,508.84084018392167,4.061164574108545,0.7949526598183473,23.260166632229105,0.507520829028638,0.7119749524188675,5129.020047580302,1.8274394398773857,92.98758199724442
2025-09-18,260,517.0787108502924,512.9020047580302,4.1767060922621795,0.8110305218781289,23.346236607209118,0.5182795759011397,0.7112960926086159,5170.787108502924,1.8247319968279798,93.59086993191944
2025-09-19,261,521.373887358444,517.0787108502924,4.295176508151599,0.8272310183779302,23.433176388885684,0.5291470486107105,0.7106041699560273,5213.73887358444,1.821947526099805,94.20902780325667
2025-09-20,262,525.7905252063131,521.373887358444,4.416637847869083,0.843547390358651,23.5209590941737,0.5401198867717126,0.709899119384334,5257.905252063131,1.8190840750943706,94.84229356637915
2025-09-21,263,530.3316792604656,525.7905252063131,4.541154054152571,0.8599728368156007,23.609557601332508,0.5511947001665635,0.7091808827061791,5303.316792604657,1.816139649862458,95.49090203491915
2025-09-22,264,535.0004702774179,530.3316792604656,4.668791016952241,0.8765005184629405,23.69894455934097,0.5623680699176211,0.7084494086451693,5350.004702774179,1.8131122138263562,96.15508450461921
2025-09-23,265,539.8000868809883,535.0004702774179,4.799616603570371,0.8931235615390389,23.78909239733048,0.5736365496663102,0.7077046528523531,5398.000868809882,1.8099996864817214,96.83506834697
2025-09-24,266,544.7337875693319,539.8000868809883,4.933700688343606,0.909835061648505,23.879973334071384,0.5849966667589229,0.7069465779175798,5447.337875693318,1.8067999420793412,97.53107657109929
2025-09-25,267,549.8049027511605,544.7337875693319,5.071115181828645,0.9266280876366132,23.971559387508297,0.5964449234385371,0.7061751533757051,5498.049027511605,1.803510808287112,98.24332735204656
2025-09-26,268,555.016836810614,549.8049027511605,5.211934059453483,0.943495685491747,24.063822384339886,0.6079777980424858,0.7053903557076147,5550.1683681061395,1.8001300648325596,98.97203352347056
2025-09-27,269,560.3730702002055,555.016836810614,5.356233389591466,0.9604308822714509,24.156733969638527,0.6195917462048158,0.7045921683360464,5603.730702002055,1.7966554421262573,99.71740203274904
2025-09-28,270,565.8771615612142,560.3730702002055,5.5040913610087046,0.9774266900476032,24.25026561650527,0.6312832020631588,0.7037805816161997,5658.771615612141,1.7930846198665298,100.47963335633759
2025-09-29,271,571.5327498708524,565.8771615612142,5.655588309638233,0.9944761098662294,24.344388635755696,0.6430485794694619,0.7029555928211291,5715.327498708524,1.7894152256258573,101.25892087315796
2025-09-30,272,577.3435566154762,571.5327498708524,5.8108067446238465,1.0115721357173943,24.439074185632,0.6548842732039998,0.7021172061219241,5773.4355661547625,1.7856448334194317,102.0554501936888
2025-10-01,273,583.313387989053,577.3435566154762,5.969831373576767,1.028707758510628,24.53429328153685,0.6667866601921063,0.7012654325626904,5833.133879890531,1.7817709622563491,102.869398442326
2025-10-02,274,589.4461371160378,583.313387989053,6.132749126984777,1.0458759700513172,24.630016805784507,0.6787521007230634,0.7004002900303519,5894.461371160378,1.7777910746739647,103.700933490477
2025-10-03,275,595.7457862977425,589.4461371160378,6.2996491817046945,1.0630697670134894,24.726215517364675,0.6907769396705844,0.6995218032193002,5957.457862977425,1.7737025752559747,104.55021313774027
2025-10-04,276,602.2164092812126,595.7457862977425,6.4706229834700935,1.0802821549044175,24.822860061714593,0.7028575077143241,0.6986300035909316,6022.164092812126,1.7695028091348384,105.41738423840985
2025-10-05,277,608.8621735495547,602.2164092812126,6.645764268342077,1.0975061520165184,24.919920980494982,0.7149901225618728,0.6977249293281123,6088.621735495547,1.7651890604791916,106.3025817704256
2025-10-06,278,615.6873426325749,608.8621735495547,6.825169083020228,1.114734793361989,25.017368721365273,0.7271710901706591,0.6968066252846249,6156.873426325748,1.7607585509669637,107.205927843771
2025-10-07,279,622.696278436508,615.6873426325749,7.008935803933127,1.1319611345857294,25.115173647753867,0.7393967059692333,0.6958751429296582,6226.962784365081,1.75620843824495,108.12753064519376
2025-10-08,280,629.8934435915323,622.696278436508,7.197165155024322,1.149178255852081,25.21330604861898,0.7516632560773723,0.694930540287403,6298.934435915323,1.7515358143756614,109.06748331599827
2025-10-09,281,637.2834038156674,629.8934435915323,7.389960224135052,1.166379265701002,25.311736148195735,0.7639670185244668,0.6939728818718319,6372.834038156674,1.7467377042723118,110.02586275952541
2025-10-10,282,644.8708302935623,637.2834038156674,7.587426477894951,1.1835573048693366,25.410434115725266,0.7763042644656583,0.6930022386167436,6448.708302935624,1.7418110641228886,111.00272837480242
2025-10-11,283,652.6605020685773,644.8708302935623,7.789671775014995,1.2007055500729367,25.50937007516158,0.7886712593951976,0.6920186878011602,6526.6050206857735,1.7367527798042919,111.99812071270462
2025-10-12,284,660.6573084464578,652.6605020685773,7.996806377880489,1.2178172177454227,25.60851411485194,0.8010642643564924,0.6910223129701736,6606.573084464578,1.731559665287615,113.01206005083127
2025-10-13,285,668.8662514087903,660.6573084464578,8.208942962332458,1.2348855677295156,25.707836297186734,0.8134795371483418,0.6900132038513422,6688.662514087902,1.7262284610356948,114.04454488315132
2025-10-14,286,677.2924480343137,668.8662514087903,8.426196625523403,1.251903906916923,25.807306668214736,0.8259133335268419,0.688991456266748,6772.924480343137,1.7207558323941399,115.09555032032809
2025-10-15,287,685.9411329260437,677.2924480343137,8.64868489173,1.2688655928328647,25.906895267219628,0.8383619084024535,0.6879571720408262,6859.411329260437,1.7151383679771242,116.16502639648039
2025-10-16,288,696.3858173905169,685.9411329260437,10.444684464473198,1.5112030095889988,26.006572136254068,1.0,0.6869104589040903,6963.858173905169,1.709372578049304,117.25289627798516
2025-10-17,289,706.9701838206852,696.3858173905169,10.584366430168302,1.5084650114984857,26.106307329627217,1.0,0.6856659143174935,7069.701838206852,1.7024094550729887,118.55337999043476
2025-10-18,290,717.695842355145,706.9701838206852,10.725658534459853,1.50573692135143,26.206070923342082,1.0,0.684425873341559,7176.95842355145,1.69535321078621,119.85641710705157
2025-10-19,291,728.5644187312334,717.695842355145,10.868576376088413,1.5030186854482896,26.305833024478844,1.0,0.6831903115674043,7285.644187312335,1.6882027717632366,121.16161103469067
2025-10-20,292,739.5775544075631,728.5644187312334,11.013135676329625,1.5003102504769672,26.405563780520627,1.0,0.6819592047622578,7395.775544075631,1.6809570541791778,122.46854990902193
2025-10-21,293,750.7369066872961,739.5775544075631,11.15935227973307,1.4976115635093228,26.50523338861809,1.0,0.6807325288678739,7507.369066872961,1.6736149637282913,123.77680618940721
2025-10-22,294,762.0441488421612,750.7369066872961,11.307242154865094,1.494922571997721,26.604812104789346,1.0,0.6795102599989641,7620.441488421612,1.6661753955418026,125.0859362447535
2025-10-23,295,773.5009702372136,762.0441488421612,11.456821395052316,1.492243223771619,26.70427025305192,1.0,0.6782923744416449,7735.0097023721355,1.6586372341052258,126.39547993016333
2025-10-24,296,785.1090764563452,773.5009702372136,11.608106219131628,1.489573467034187,26.80357823448337,1.0,0.677078848651903,7851.090764563452,1.650999353175191,127.70496015420221
2025-10-25,297,796.8701894285456,785.1090764563452,11.761112972200408,1.4869132503589697,26.902706536207408,1.0,0.675869659254077,7968.701894285457,1.6432606156957699,129.01388243659912
2025-10-26,298,808.786047554917,796.8701894285456,11.915858126371404,1.4842625226865802,27.001625740302376,1.0,0.6746647830393546,8087.86047554917,1.6354198737143029,130.32173445619247
2025-10-27,299,820.8584058364477,808.786047554917,12.072358281530683,1.48162123332143,27.100306532629133,1.0,0.6734641969642863,8208.584058364477,1.627475968296722,131.62798558893172
2025-10-28,300,833.0890360025459,820.8584058364477,12.230630166098194,1.4789893319284944,27.19871971157541,1.0,0.6722678781493155,8330.89036002546,1.6194277294423682,132.93208643574005
2025-10-29,301,845.4797266403374,833.0890360025459,12.390690637791522,1.476366768530112,27.296836196713823,1.0,0.6710758038773236,8454.797266403373,1.6112739759983028,134.23346834004155
2025-10-30,302,858.0322833247311,845.4797266403374,12.552556684393721,1.473753493502818,27.394627037370835,1.0,0.66988795159219,8580.322833247312,1.6030135155731084,135.5315428947518
2025-10-31,303,870.7485287492544,858.0322833247311,12.716245424523322,1.4711494575742123,27.492063421104106,1.0,0.6687042988973692,8707.485287492544,1.5946451444501792,136.8257014385283
2025-11-01,304,883.630302857662,870.7485287492544,12.881774108407512,1.4685546118198585,27.589116682085702,1.0,0.6675248235544811,8836.30302857662,1.586167647500497,138.1153145410724
2025-11-02,305,896.6794629763216,883.630302857662,13.049160118659643,1.4659689076602185,27.685758309388763,1.0,0.6663495034819175,8966.794629763215,1.577579798094892,139.39973147727187
2025-11-03,306,909.8978839473799,896.6794629763216,13.218420971058322,1.4633922968576174,27.781959955175385,1.0,0.6651783167534624,9098.978839473799,1.5688803580157855,140.67827968996937
2025-11-04,307,923.2874582627112,909.8978839473799,13.389574315331288,1.4608247315132408,27.8776934427835,1.0,0.6640112415969276,9232.874582627112,1.5600680773684135,141.95026424113766
2025-11-05,308,936.850096198653,923.2874582627112,13.56263793594178,1.4582661640641648,27.972930774710747,1.0,0.6628482563928021,9368.50096198653,1.551141694491526,143.21496725123959
2025-11-06,309,950.5877259515299,936.850096198653,13.737629752876956,1.455716547280415,28.067644140493286,1.0,0.6616893396729159,9505.877259515299,1.5420999358675647,144.47164732654647
2025-11-07,310,964.5022937739726,950.5877259515299,13.914567822442677,1.4531758342620598,28.161805924477775,1.0,0.660534470119118,9645.022937739726,1.5329415160323134,145.71953897418473
2025-11-08,311,978.59576411203,964.5022937739726,14.093470338057386,1.4506439784363292,28.255388713484724,1.0,0.6593836265619678,9785.9576411203,1.5236651374840182,146.9578520046771
2025-11-09,312,992.8701197430837,978.59576411203,14.274355631053709,1.4481209335547698,28.348365304361632,1.0,0.6582367879794407,9928.701197430837,1.51426949059198,148.1857709217393
2025-11-10,313,1007.3273619145623,992.8701197430837,14.457242171478583,1.4456066536904226,28.440708711424275,1.0,0.6570939334956466,10073.273619145622,1.5047532535046109,149.4024542990918
