data_povoamento,data_abate,dias_ciclo,peso_inicial_g,peso_final_g,biomassa_inicial_kg,biomassa_final_kg,racao_total_kg,ganho_biomassa_kg,FCR_teorico,atingiu_1kg,mes_povoamento,nome_mes
2025-01-01,2025-11-10,314,30.0,1007.3273619145623,300.0,10073.273619145622,19695.480579655305,9773.273619145619,2.0152388388136715,True,1,Jan
2025-01-16,2025-11-21,310,30.0,1002.473126395158,300.0,10024.73126395158,18458.989373575445,9724.731263951582,1.898149046236446,True,1,Jan
2025-01-31,2025-12-03,307,30.0,1013.0091476193197,300.0,10130.091476193196,17610.444698710286,9830.091476193194,1.7914832981320448,True,1,Jan
2025-02-15,2025-12-15,304,30.0,1000.0662335988569,300.0,10000.66233598857,16927.435795571037,9700.662335988562,1.7449773231227534,True,2,Feb
2025-03-02,2025-12-31,305,30.0,1004.2300947835491,300.0,10042.300947835492,16742.779553414137,9742.300947835492,1.7185652181206725,True,3,Mar
2025-03-17,2026-01-20,310,30.0,1010.1938732927508,300.0,10101.938732927509,16786.03757220789,9801.938732927507,1.7125221886787358,True,3,Mar
2025-04-01,2026-02-08,314,30.0,1001.6536167107511,300.0,10016.536167107512,16519.595667356538,9716.536167107506,1.700152748186005,True,4,Apr
2025-04-16,2026-02-26,317,30.0,1002.542019719597,300.0,10025.42019719597,16108.843122933706,9725.42019719597,1.6563647427365866,True,4,Apr
2025-05-01,2026-03-13,317,30.0,1012.535066659335,300.0,10125.350666593351,15543.11439230168,9825.350666593351,1.5819399143838186,True,5,May
2025-05-16,2026-03-23,312,30.0,1011.1126109988951,300.0,10111.12610998895,14962.519350778295,9811.126109988956,1.5250562660227733,True,5,May
2025-05-31,2026-03-30,304,30.0,1003.0412387127224,300.0,10030.412387127224,14452.362865647894,9730.41238712722,1.4852775289120885,True,5,May
2025-06-15,2026-04-05,295,30.0,1011.7307017650537,300.0,10117.307017650537,14214.633140032705,9817.307017650539,1.4479157180758646,True,6,Jun
2025-06-30,2026-04-09,284,30.0,1013.6442293560225,300.0,10136.442293560225,13968.607387955775,9836.44229356022,1.4200873619825765,True,6,Jun
2025-07-15,2026-04-12,272,30.0,1014.3677116918868,300.0,10143.677116918867,13744.763913156128,9843.677116918867,1.396303815119276,True,7,Jul
2025-07-30,2026-04-14,259,30.0,1004.3489014190303,300.0,10043.489014190303,13425.818918436304,9743.489014190305,1.377927239296221,True,7,Jul
2025-08-14,2026-04-17,247,30.0,1002.9098558516513,300.0,10029.098558516514,13201.325745100923,9729.098558516513,1.356890945826111,True,8,Aug
2025-08-29,2026-04-21,236,30.0,1000.6211931085654,300.0,10006.211931085654,12972.33570862286,9706.211931085652,1.3364982962175944,True,8,Aug
2025-09-13,2026-04-28,228,30.0,1004.2974799711853,300.0,10042.974799711854,12948.663673301335,9742.974799711854,1.329025676396524,True,9,Sep
2025-09-28,2026-05-09,224,30.0,1001.6724766071728,300.0,10016.724766071728,13184.398380152046,9716.724766071722,1.3568767972299205,True,9,Sep
2025-10-13,2026-05-29,229,30.0,1003.3366454992446,300.0,10033.366454992445,14324.871005305049,9733.366454992452,1.4717283143035795,True,10,Oct
2025-10-28,2026-07-23,269,30.0,1000.1469085486427,300.0,10001.469085486428,19765.22735604489,9701.46908548643,2.03734374473388,True,10,Oct
2025-11-12,2026-09-14,307,30.0,1002.0069468184187,300.0,10020.069468184187,23877.709110905373,9720.069468184181,2.4565368785750046,True,11,Nov
2025-11-27,2026-10-09,317,30.0,1009.7632783444208,300.0,10097.632783444207,23419.622303836106,9797.63278344421,2.390334769783369,True,11,Nov
2025-12-12,2026-10-24,317,30.0,1003.8287474785058,300.0,10038.287474785058,21667.408587758215,9738.287474785055,2.22497114034277,True,12,Dec
2025-12-27,2026-11-06,315,30.0,1009.599307997163,300.0,10095.99307997163,20189.18492565747,9795.99307997163,2.0609635757027243,True,12,Dec
