date;temperature_C;fish_alive;deaths;mean_weight_g;min_weight_g;max_weight_g;fish_at_target;biomass_kg;density_kg_m3;feed_kg_day;FCR;temperature_factor;water_quality_factor;density_factor;mortality_probability;ammonia_kg_day;oxygen_demand_kg_day
2028-12-31;31,76926624145125;9995;5;30,56263155023992;30,361684673492707;30,837293119529665;0;305,473502344648;0,06364031298846834;7,189828583185723;1,276688355160415;0,6847455793510213;1,0;1,0;0,00020762721032448935;0,21569485749557168;3,5949142915928616
2029-01-01;31,798975774012806;9990;5;31,130562784166568;30,724281850575792;31,689847752323313;0;310,99432221382403;0,06479048379454667;7,261442634613773;1,278342653835106;0,6791744225537355;1,0;1,0;0,00021041278872313223;0,2178432790384132;3,6307213173068864
2029-01-02;31,827084578262458;9987;3;31,703967218177052;31,087905193828522;32,558083342854026;0;316,62752060793423;0,06596406679331963;7,335170543992416;1,2799240721264944;0,6738910851010073;1,0;1,0;0,00021305445744949637;0,22005511631977248;3,667585271996208
2029-01-03;31,853585167540302;9986;1;32,28299954350481;31,452677927722473;33,44245976682939;0;322,378033441439;0,06716209030029979;7,412723736470908;1,28142948308406;0,6688998680521028;1,0;1,0;0,00021555006597394862;0,22238171209412724;3,706361868235454
2029-01-04;31,87847050079552;9982;4;32,867869653626386;31,818732746142114;34,34347914192239;0;328,0870748824986;0,06835147393385388;7,494373944846322;1,2828559242395001;0,6642045910105363;1,0;1,0;0,00021789770449473186;0,22483121834538963;3,747186972423161
2029-01-05;31,90173398369851;9980;2;33,45899322829392;32,186211736030714;35,26168770924113;0;333,9207524183733;0,06956682342049443;7,576613941048259;1,2842006011215081;0,6598086319233353;1,0;1,0;0,00022009568403833236;0,22729841823144775;3,7883069705241295
2029-01-06;31,923369469660354;9978;2;34,05652402597485;32,555266318582575;36,197677797665406;0;339,8159967311771;0,07079499931899523;7,663489205768017;1,2854608905614227;0,6557149648973631;1,0;1,0;0,00022214251755131844;0,2299046761730405;3,8317446028840085
2029-01-07;31,9433712607602;9975;3;34,66081511833844;32,92605720919823;37,15208988357276;0;345,7416308054259;0,07202950641779707;7,753723251928555;1,2866343437866907;0,6519261959005251;1,0;1,0;0,00022403690204973744;0,23261169755785666;3,8768616259642776
2029-01-08;31,96173410858141;9971;4;35,27201122865118;33,29875439722394;38,125614758858994;0;351,6972239608809;0,07327025499185018;7,846800226641305;1,287718689299345;0,6484445962364366;1,0;1,0;0,0002257777018817817;0,23540400679923915;3,9234001133206524
2029-01-09;31,978453214957145;9967;4;35,8907904606898;33,67353714631097;39,11899582053673;0;357,72350852169524;0,07452573094201984;7,942914634252754;1,2887118355368856;0,6452721336997239;1,0;1,0;0,00022736393315013804;0,23828743902758262;3,971457317126377
2029-01-10;31,993524232625976;9967;0;36,517147518090695;34,050594016053495;40,133031495577626;0;363,96640931280996;0,07582633527350208;8,043186845712162;1,2896118733131894;0,6424105013355074;1,0;1,0;0,00022879474933224634;0,24129560537136485;4,021593422856081
2029-01-11;32,00694326579852;9967;0;37,1516208279221;34,430122905396;41,16857781505542;0;370,2902047918996;0,07714379266497909;8,15107870311555;1,2904170780373105;0,6398611437408874;1,0;1,0;0,00023006942812955628;0,2445323610934665;4,075539351557775
2029-01-12;32,01870687063526;9961;6;37,79488348395402;34,812331118141536;42,226551152055315;0;376,474834383666;0,07843225716326375;8,263723854038961;1,2911259117082055;0,6376252808587649;1,0;1,0;0,00023118735957061755;0,24791171562116882;4,1318619270194805
2029-01-13;32,02881205563663;9956;5;38,44702650344368;35,19743545073937;43,30793113824335;0;382,77859586828527;0,07974554080589276;8,376428601517462;1,2917370246836974;0,635703929224734;1,0;1,0;0,00023214803538763304;0,25129285804552387;4,188214300758731
2029-01-14;32,03725628194551;9955;1;39,10853282996192;35,5856623023843;44,41376377444324;0;389,3254443222709;0,08110946756713977;8,495168909652957;1,2922492572221747;0,6340979206368431;1,0;1,0;0,00023295103968157848;0,2548550672895887;4,2475844548264785
2029-01-15;32,044037463563086;9949;6;39,77963570458565;35,97724780731822;45,545164751049484;0;395,76759562492265;0,08245158242185889;8,622887837680475;1,2926616407957559;0,6328079182253299;1,0;1,0;0,00023359604088733505;0,25868663513041423;4,311443918840237
2029-01-16;32,04915396747833;9947;2;40,461478316315834;36,372437989086386;46,70332299461662;0;402,4703248123936;0,08384798433591532;8,752085760487171;1,2929733991738883;0,6318344299055829;1,0;1,0;0,00023408278504720857;0,26256257281461515;4,376042880243586
2029-01-17;32,052604613711615;9945;2;41,15394265579785;36,77148893636446;47,8895044575068;0;409,2759597119096;0,08526582493998117;8,891061966808763;1,2931839492765342;0,6311778192025332;1,0;1,0;0,00023441109039873336;0,2667318590042629;4,445530983404382
2029-01-18;32,054388675273046;9942;3;41,8578729531695;37,174666999836575;49,10505616804969;0;416,1509729004111;0,08669811935425231;9,036543465446721;1,2932929017963624;0,6308383134385882;1,0;1,0;0,00023458084328070592;0,2710963039634016;4,518271732723361
2029-01-19;32,05450587803585;9938;4;42,574725745751415;37,58224900946705;50,35141055926945;0;423,10762446127757;0,08814742176276616;9,188014359413035;1,2933000615895551;0,6308160092804872;1,0;1,0;0,0002345919953597564;0,27564043078239103;4,594007179706518
2029-01-20;32,05295640052518;9936;2;43,304015358420976;37,99452251136797;51,63009009485975;0;430,2686966012708;0,08963931179193141;9,345973817774775;1,293205427835077;0,6311108756430166;1,0;1,0;0,00023444456217849174;0,2803792145332432;4,672986908887387
2029-01-21;32,0497408736228;9934;2;44,04677120229155;38,411786023319046;52,94271221173397;0;437,56062512356425;0,09115846356740921;9,51336840843603;1,2930091939624557;0,6317227539497289;1,0;1,0;0,00023413862302513558;0,2854010522530809;4,756684204218015
2029-01-22;32,044860380187906;9932;2;44,803838088933794;38,83434930784369;54,29099459913865;0;444,9917198992904;0,09270660831235217;9,688816294796009;1,2927117473483805;0,6326513557527811;1,0;1,0;0,00023367432212360946;0,29066448884388024;4,8444081473980045
2029-01-23;32,038316454594394;9932;0;45,57553530180151;39,26253366158388;55,676760834984435;0;452,6562166174926;0,09430337846197762;9,872750508556994;1,2923136687825905;0,6338962577160102;1,0;1,0;0,0002330518711419949;0,2961825152567098;4,936375254278497
2029-01-24;32,03011108218485;9931;1;46,36282135706018;39,69667221954433;57,101946400710105;0;460,4291788969646;0,09592274560353428;10,067522970638409;1,2918157317037946;0,6354568939674556;1,0;1,0;0,0002322715530162722;0,3020256891191523;5,0337614853192045
2029-01-25;32,02024669864148;9930;1;47,16685848940437;40,13711027259171;58,56860509663894;0;468,3669047997854;0,09757643849995529;10,270627526629541;1,2912189012065476;0,6373325458300544;1,0;1,0;0,00023133372708497284;0,3081188257988862;5,1353137633147705
2029-01-26;32,00872618927422;9930;0;47,988033295691295;40,584205596395165;60,078915880396586;0;476,52117062621454;0,09927524388046137;10,483588281496221;1,2905243328202454;0,6395223289422565;1,0;1,0;0,00023023883552887177;0,3145076484448866;5,241794140748111
2029-01-27;31,995552888226115;9926;4;48,827046660295615;41,0383287897787;61,63519015151746;0;484,6572651500943;0,10097026357293631;10,707850625121916;1,2897333710615981;0,6420251777841308;1,0;1,0;0,0002289874111079346;0,32123551875365747;5,353925312560958
2029-01-28;31,98073057759617;9926;0;49,6855947581178;41,49986362022133;63,239879505850325;0;493,1792135690773;0,10274566949355778;10,938420756151086;1,288847547762168;0,6448398276291507;1,0;1,0;0,00022758008618542467;0,32815262268453255;5,469210378075543
2029-01-29;31,964263486479734;9926;0;50,5642947312977;41,969207373986315;64,89558398375674;0;501,90118950286103;0,10456274781309605;11,184696862485158;1,28786858017277;0,6479647939477;1,0;1,0;0,00022601760302615;0,3355409058745547;5,592348431242579
2029-01-30;31,946156289926503;9924;2;51,46431618262196;42,44677120808382;66,60506083634894;0;510,7318737963403;0,1064024737075709;11,442816222303838;1,2867983688467346;0,6513983492953537;1,0;1,0;0,00022430082535232314;0,34328448666911515;5,721408111151919
2029-01-31;31,926414107816186;9922;2;52,38714171701331;42,93298050097064;68,37123383410062;0;519,785220116206;0,10828858752420958;11,711003938916637;1,285638995304256;0,65513849772748;1,0;1,0;0,00022243075113625999;0,3513301181674991;5,855501969458318
2029-02-01;31,905042503651742;9922;0;53,33274119806927;43,42827519856418;70,19720314204474;0;529,1674581672432;0,11024322045150901;11,992174358326144;1,284392719480232;0,6591829467918146;1,0;1,0;0,00022040852660409272;0,35976523074978434;5,996087179163072
2029-02-02;31,882047483270345;9919;3;54,30213562067987;43,93311015179456;72,0862557854006;0;538,6228832215236;0,11221310067115074;12,289129831372884;1,2830619769582492;0,6635290771623972;1,0;1,0;0,00021823546141880144;0,3686738949411865;6,144564915686442
2029-02-03;31,85743549347185;9918;1;55,29828890552073;44,447955441537125;74,04187672879364;0;548,4484293649546;0,1142600894510322;12,596281526265429;1,2816493759935275;0,6681739099920151;1,0;1,0;0,00021591304500399248;0,3778884457879629;6,298140763132714
2029-02-04;31,831213420564705;9917;1;56,321516241120406;44,97329668635633;76,06776059118675;0;558,5404765631911;0,11636259928399814;12,92089244647196;1,2801576943278568;0,6731140720759152;1,0;1,0;0,00021344296396204242;0,3876267733941588;6,46044622323598
2029-02-05;31,80338858882925;9915;2;57,373129187933365;45,50963532805056;78,16782401716019;0;568,8545758983593;0,11851136997882485;13,260924721500455;1,2785898757997805;0,6783457589372687;1,0;1,0;0,00021082712053136567;0,3978277416450136;6,6304623607502275
2029-02-06;31,773968758898203;9913;2;58,45495392713852;46,057488889515376;80,34621872318307;0;579,4639582797241;0,12072165797494253;13,615684655821962;1,2769490267534322;0,6838646959647937;1,0;1,0;0,00020806765201760317;0,40847053967465885;6,807842327910981
2029-02-07;31,74296212605409;9911;2;59,56790147598151;46,61739119893944;82,60734523492374;0;590,3774715284527;0,12299530656842765;13,987282641375785;1,2752384122496718;0,689666097755013;1,0;1,0;0,00020516695112249354;0,41961847924127355;6,9936413206878925
2029-02-08;31,710377318443577;9910;1;60,714139024288954;47,189892573813815;84,95586732835194;0;601,6771177307036;0,1253493995272299;14,37631835606743;1,2734614520833336;0,6957446258358829;1,0;1,0;0,00020212768708205854;0,43128955068202285;7,188159178033715
2029-02-09;31,676223395208257;9909;1;61,89500583649124;47,77555995767258;87,39672718328501;0;613,3176128337916;0,12777450267370657;14,785193565087228;1,2716217166106;0,7020943449750844;1,0;1,0;0,00019895282751245782;0,4435558069526168;7,392596782543614
2029-02-10;31,64050984453181;9906;3;63,11193077982033;48,37497700189127;89,93516125300081;0;625,1867863049002;0,1302472471468542;15,213223017036992;1,269722922390694;0,7087086783047901;1,0;1,0;0,00019564566084760495;0,4563966905111097;7,606611508518496
2029-02-11;31,603246581603077;9902;4;64,36753093368762;48,98874408425392;92,57671684745286;0;637,3672913053748;0,13278485235528642;15,65799852977442;1,267768927646281;0,715580361525432;1,0;1,0;0,000192209819237284;0,4697399558932326;7,82899926488721
2029-02-12;31,564443946494876;9902;0;65,6627718367404;49,61747825536077;95,32726942033052;0;650,1927667274035;0,1354568264015424;16,121918102473597;1,265763727547142;0,7227013964834144;1,0;1,0;0,00018864930175829282;0,4836575430742079;8,060959051236798
2029-02-13;31,524112701958128;9901;1;67,00064220540143;50,261813103292816;98,19304054155604;0;663,3733584756795;0,13820278301576658;16,613858966246504;1,2637114493218635;0,7300630044518975;1,0;1,0;0,00018496849777405126;0,4984157689873951;8,306929483123252
2029-02-14;31,482264031130928;9900;1;68,38116953710586;50,92239852628166;101,18061652663044;0;676,9735784173481;0,14103616217028087;17,126937070512284;1,2616163472024635;0,7376555794792806;1,0;1,0;0,0001811722102603597;0,5138081121153685;8,563468535256142
2029-02-15;31,43890953516221;9900;0;69,80836046723527;51,59990040246002;103,16968994443626;0;691,1027686256292;0,14397974346367276;17,662435831168896;1,2595051896126301;0,7454686422065477;1,0;1,0;0,00017726567889672613;0,5298730749350669;8,831217915584448
2029-02-16;31,394061230749543;9897;3;71,2839738343401;52,29500014509917;105,22284884225523;0;705,497489038464;0,14697864354968;18,22510772555587;1,2573376570741728;0,7534907945918525;1,0;1,0;0,00017325460270407373;0,546753231766676;9,112553862777935
2029-02-17;31,34773154759065;9897;0;72,80987480563583;53,00839413108412;107,34301788456585;0;720,5993309513777;0,15012486061487038;18,80612156479445;1,2551832791343778;0,7617096760180443;1,0;1,0;0,00016914516199097786;0,5641836469438334;9,403060782397224
2029-02-18;31,299933325748253;9897;0;74,38821566179124;53,74079298974794;109,53322796538117;0;736,2201704047478;0,1533792021676558;19,41669565444432;1,2530662401577637;0,7701119212958121;1,0;1,0;0,00016494403935209397;0,5825008696333296;9,70834782722216
2029-02-19;31,250679812927604;9896;1;76,02052883199727;54,49292073859773;111,79661684979435;0;752,299153321445;0,15672899027530104;20,04970826061492;1,2510513855448813;0,7786831211111088;1,0;1,0;0,00016065843944444561;0,6014912478184476;10,02485413030746
2029-02-20;31,199984661666434;9894;2;77,70786756998096;55,26551375193185;114,13642932472553;0;768,8416417373916;0,16017534202862324;20,69964500141319;1,2492366046823358;0,7874077854997554;1,0;1,0;0,0001562961072501223;0,6209893500423957;10,349822500706596
2029-02-21;31,147861926436597;9892;2;79,45052015528942;56,05931954789131;116,55601678699377;0;785,9245453761231;0,16373428028669232;21,365615066970364;1,2476360059599458;0,7962693109640039;1,0;1,0;0,00015186534451799806;0,6409684520091109;10,682807533485182
2029-02-22;31,09432606065707;9891;1;81,25323757562094;56,875095379127906;119,05883619108728;0;803,6757728604667;0,1674324526792639;22,04117108137416;1,2464383911001642;0,8052499518743612;1,0;1,0;0,0001473750240628194;0,6612351324412248;11,02058554068708
2029-02-23;31,03939191361771;9891;0;83,11085696543142;57,713606612031526;121,64844827324276;0;822,0494862450822;0,17126030963439212;22,717013036094837;1,2459049536329427;0,8143307968244292;1,0;1,0;0,00014283460158778541;0,6815103910828451;11,358506518047419
2029-02-24;30,98307472731315;9891;0;85,0199474811791;58,575624879366806;124,32851496276773;0;840,9323005363424;0,17519422927840467;23,367649450138767;1,2465088564038826;0,8234917506258737;1,0;1,0;0,00013825412468706317;0,7010294835041629;11,683824725069384
2029-02-25;30,925390133186397;9890;1;86,97494915235345;59,461925991251896;127,10279588606387;0;860,1822471167756;0,1792046348159949;23,984628453079054;1,248249173254528;0,8327115226439309;1,0;1,0;0,00013364423867803454;0,7195388535923716;11,992314226539527
2029-02-26;30,86635414878151;9889;1;88,96891923762378;60,37328758970294;129,9751438636728;0;879,8136423408616;0,18329450882101284;24,536658738920924;1,251570118058206;0,841967622180198;1,0;1,0;0,000129016188909901;0,7360997621676277;12,268329369460462
2029-02-27;30,805983174304867;9887;2;90,99350175858669;61,310486532499034;132,9494992960287;0;899,6527518871466;0,18742765664315553;25,019917836230487;1,2563917052036244;0,8512363616077308;1,0;1,0;0,00012438181919613463;0,7505975350869146;12,509958918115244
2029-02-28;30,744293989094285;9885;2;93,0423217962984;62,274295992930604;136,02988332965114;0;919,7233509564097;0,19160903144925204;25,443126300037964;1,2622914784890602;0,8604928679528473;1,0;1,0;0,00011975356602357637;0,7632937890011389;12,721563150018982
2029-03-01;30,681303747995624;9884;1;95,10337148855812;63,26548226311526;139,2203896924543;0;940,0017237929085;0,19583369245685595;25,753065660599596;1,2701582235511988;0,869711103597385;1,0;1,0;0,0001151444482013075;0,7725919698179878;12,876532830299798
2029-03-02;30,617029977646197;9883;1;97,1623375781276;64,28480125003796;142,525175084924;0;960,2553822846351;0,2000532046426323;25,927173598286622;1,2801878948554475;0,8788638967438194;1,0;1,0;0,00011056805162809031;0,7778152079485986;12,963586799143311
2029-03-03;30,551490572664388;9882;1;99,21461363497674;65,33299465533358;145,94844801337916;0;980,4388119408402;0,20425808582100838;26,062292547657275;1,2903495098135562;0,8879229822426802;1,0;1,0;0,00010603850887865992;0,7818687764297182;13,031146273828638
2029-03-04;30,484703791745037;9880;2;101,25735268796036;66,41078583211733;149,49445595267545;0;1000,4226445570483;0,2084213842827184;26,161839057349432;1,3005343900267048;0,8968590533264514;1,0;1,0;0,0001015704733367743;0,7848551717204829;13,080919528674716
2029-03-05;30,41668825365987;9877;3;103,2825103165787;67,51887531491555;153,1674707288286;0;1020,1213543968478;0,21252528216600997;26,146228642239496;1,3119888323709;0,9056418247261727;1,0;1,0;9,717908763691365e-05;0,7843868592671849;13,073114321119748
2029-03-06;30,347462933162586;9876;1;105,29671307658032;68,65793602198832;156,97177201745515;0;1039,9103383443073;0,21664798715506403;26,195882145573314;1,3216518660326968;0,914240107565755;1,0;1,0;9,28799462171225e-05;0,7858764643671994;13,097941072786657
2029-03-07;30,27704715679792;9875;1;107,30733326286243;69,82860813309074;160,9116288619804;0;1059,6599159707664;0,22076248249390967;26,304866989731668;1,3299019297566228;0,9226218963346206;1,0;1,0;8,868905183268973e-05;0,78914600969195;13,152433494865834
2029-03-08;30,205460598614295;9874;1;109,32037875144994;71,03149365001116;164,99127912658264;0;1079,4294197918168;0,22488112912329516;26,46956922646602;1,336842904076019;0,9307544681315775;1,0;1,0;8,462276593421127e-05;0,7940870767939806;13,23478461323301
2029-03-09;30,13272327577944;9874;0;111,34751132073097;72,26715065206196;169,21490681315964;0;1099,4453267808976;0,22905110974602033;26,74215067446993;1,3418122892535171;0,9386044942523298;1,0;1,0;8,069775287383508e-05;0,8022645202340979;13,371075337234965
2029-03-10;30,058855544098503;9873;1;113,39153913470707;73,53608726407973;173,5866171895293;0;1119,514665876963;0,2332322220577006;27,035876396259066;1,3462885576065518;0,9461381640602246;1,0;1,0;7,693091796988772e-05;0,811076291887772;13,517938198129533
2029-03-11;29,98387809343427;9873;0;115,46111907660347;74,8387553604029;178,11040969789508;0;1139,947628643306;0,23748908930068874;27,41634067984658;1,3493048127859097;0,9533213209356999;1,0;1,0;7,333933953215006e-05;0,8224902203953974;13,70817033992329
2029-03-12;29,90781194302892;9873;0;117,56388420279374;76,1755440347055;182,7901486385526;0;1160,7082287341827;0,2418142143196214;27,87524244435811;1,3511787457909676;0,9601196099457185;1,0;1,0;6,994019502714073e-05;0,8362572733307433;13,937621222179056
2029-03-13;29,830678436726995;9872;1;119,70244925382372;77,5467728724275;187,62953165406182;0;1181,7025790337477;0,24618803729869745;28,392780817125168;1,3522385053597719;0,9664986367116777;1,0;1,0;6,675068164416116e-05;0,851783424513755;14,196390408562584
2029-03-14;29,7524992380991;9872;0;121,88634031455346;78,95268506978759;192,63205607374675;0;1203,2619515852718;0,25067957324693163;28,945206873510063;1,3528150826881602;0,9724241367849163;1,0;1,0;6,378793160754183e-05;0,8683562062053019;14,472603436755032
2029-03-15;29,67329632546607;9872;0;124,11799770035755;80,39344045090307;197,8009832174033;0;1225,2928732979299;0,2552693486037354;29,560800867752302;1,3526757197736525;0,9778621546650544;1,0;1,0;6,106892266747279e-05;0,886824026032569;14,780400433876151
2029-03-16;29,593091986823143;9872;0;126,39948476810444;81,86910844226152;203,13930080035607;0;1247,815713630727;0,2599616070064015;30,20020790460761;1,3523253617420414;0,9827792314205919;1,0;1,0;5,8610384289704065e-05;0,9060062371382283;15,100103952303805
2029-03-17;29,511908814664;9872;0;128,73242360179412;83,37966107155366;208,6496836292306;0;1270,8464857969116;0,2647596845410232;30,859186086615132;1,3518279752070803;0,9871425996961762;1,0;1,0;5,642870015191189e-05;0,9257755825984539;15,429593043307566
2029-03-18;29,42976970070421;9872;0;131,1169999278577;84,92496606552501;214,33445282855382;0;1294,3870232878114;0,2696639631849607;31,521148279073604;1,351387703597193;0,99092038471976;1,0;1,0;5,4539807640120025e-05;0,9456344483722081;15,760574139536802
2029-03-19;29,346697830504095;9872;0;133,5535530551139;86,50478012885324;220,19553389193976;0;1318,4406757600843;0,2746751407833509;32,188411807423904;1,350965403689798;0,9940818097586757;1,0;1,0;5,295909512066217e-05;0,9656523542227171;16,094205903711952
2029-03-20;29,262716677990653;9871;1;136,0416316678097;88,11874249290194;226,23441390734465;0;1342,8669461929496;0,2797639471235312;32,85750674104943;1,3505913449159104;0,9965974043198459;1,0;1,0;5,1701297840077056e-05;0,9857252022314827;16,428753370524714
2029-03-21;29,177849999878465;9871;0;138,58200978658155;89,76636882931773;232,45209836266469;0;1367,9430186033464;0,2849881288756972;33,523060460078426;1,3502739062939517;0,9984392132492658;1,0;1,0;5,0780393375367116e-05;1,0056918138023527;16,761530230039213
2029-03-22;29,09212182998957;9871;0;141,17363880809552;91,44704562858693;238,84906799458264;0;1393,5249886747108;0,2903177059738981;34,187108154454585;1,3500534376306745;0,9995810047630003;1,0;1,0;5,0209497618499866e-05;1,0256132446336375;17,093554077227292
2029-03-23;29,005556473472183;9871;0;143,81542259514555;93,16002514760454;245,42523619862453;0;1419,6020364366816;0,295750424257642;34,83998149197964;1,3499797350181482;0,99999847533956;1,0;1,0;5,000076233022001e-05;1,0451994447593893;17,41999074598982
2029-03-24;28,91817850091836;9871;0;146,5060548059264;94,90442103278173;252,1799075702693;0;1446,1612669892993;0,3012835972894374;35,47925094293619;1,350057103818004;0,9996694493248071;1,0;1,0;5,016527533759647e-05;1,0643775282880856;17,739625471468095
2029-03-25;28,8300127423806;9870;1;149,2435911491713;96,67920472598703;259,11173819390586;0;1473,0342446423208;0,3068821343004835;36,1034262851931;1,350279112803688;0,9985740710484546;1,0;1,0;5,071296447577268e-05;1,0831027885557931;18,05171314259655
2029-03-26;28,7410842812876;9870;0;152,02726937798386;98,48320275944963;266,21869833658593;0;1500,5091487607006;0,3126060726584793;36,70510978805457;1,3506605285153939;0,9966949872283465;1,0;1,0;5,165250638582676e-05;1,101153293641637;18,352554894027286
2029-03-27;28,651418448259363;9870;0;154,85464255584296;100,31509504244876;273,4980382349391;0;1528,41532202617;0,3184198587554521;37,28928841423591;1,3512052459720563;0,9940175174472174;1,0;1,0;5,2991241276391276e-05;1,1186786524270773;18,644644207117956
2029-03-28;28,56104081482184;9870;0;157,72345199827217;101,49519045121754;280,9462576843542;0;1556,7304712229463;0,3243188481714471;37,8485234833758;1,3519268516625234;0,9905298105282339;1,0;1,0;5,4735094735883076e-05;1,1354557045012739;18,9242617416879
2029-03-29;28,46997718702152;9870;0;160,63134993706484;102,68320154612935;288,5590801477109;0;1585,43142387883;0,33029821330808956;38,38208429301706;1,3528092418227764;0,9862229847114025;1,0;1,0;5,688850764429877e-05;1,1514625287905118;19,19104214650853
2029-03-30;28,37825359894032;9868;2;163,5804080876606;103,8779313494066;296,3314320948294;0;1614,211467009035;0,3362940556268823;38,88632242193035;1,3538656858723068;0,9810912496434112;1,0;1,0;5,9454375178294394e-05;1,1665896726579106;19,443161210965176
2029-03-31;28,285896306111272;9868;0;166,5585031259754;105,07812690411812;304,25742826188906;0;1643,5993088471253;0,3424165226764844;39,35173174268568;1,355099440856255;0,9751320083384198;1,0;1,0;6,243399583079008e-05;1,1805519522805703;19,67586587134284
2029-04-01;28,192931778835472;9868;0;169,5668235307183;106,28248374383644;309,32307845185215;0;1673,2854146011282;0,3486011280419017;39,78725545266032;1,3565505630807615;0,9683459374458371;1,0;1,0;6,582703127708146e-05;1,1936176635798095;19,89362772633016
2029-04-02;28,099386695401;9867;1;172,59599885408255;107,48965094305201;314,4273626022151;0;1703,0047206932325;0,3547926501444234;40,187601843367794;1,358147964322637;0,9607370443715749;1,0;1,0;6,963147781421254e-05;1,2056280553010337;20,093800921683897
2029-04-03;28,005287935204425;9867;0;175,65513782756312;108,69823672291463;319,5644986191841;0;1733,1892449445654;0,36108109269678446;40,542729561378906;1,3599313968106788;0,9523127000392358;1,0;1,0;7,384364998038208e-05;1,2162818868413672;20,271364780689453
2029-04-04;27,910662571775745;9865;2;178,73450140470615;109,90681457767893;324,7284387899133;0;1763,2158563574262;0,3673366367411305;40,86145119080048;1,361903386534792;0,9430836463441282;1,0;1,0;7,845817682793589e-05;1,2258435357240143;20,43072559540024
2029-04-05;27,81553786570744;9865;0;181,82955731483028;111,11392987811101;329,91289480571993;0;1793,748582910801;0,3736976214397502;41,12377674250234;1,364134430266337;0,9330639776420622;1,0;1,0;8,346801117896892e-05;1,2337133022750704;20,56188837125117
2029-04-06;27,71994125748878;9865;0;184,9366973800421;112,31810689927177;335,1113657583673;0;1824,4005196541152;0,38008344159460733;41,35004378211788;1,366523703686833;0,9222710959223082;1,0;1,0;8,886445203884593e-05;1,2405013134635363;20,67502189105894
2029-04-07;27,623900360246243;9864;1;188,05260631995577;113,51785621174538;340,31716891462315;0;1854,9509087400436;0,38644810598750906;41,5185526531464;1,369273733864532;0,9107256396348189;1,0;1,0;9,463718018259056e-05;1,245556579594392;20,7592763265732
2029-04-08;27,52744295239121;9863;1;191,16929013673928;114,71168236774068;345,52347302237115;0;1885,5027086186594;0,39281306429555407;41,63536449598293;1,3721839384522738;0,8984513864706343;1,0;1,0;0,00010077430676468286;1,2490609348794877;20,817682247991463
2029-04-09;27,430596970176016;9863;0;194,28368297110362;115,89809180676797;350,723333851753;0;1916,2199651439948;0,39921249273833226;41,69493570612477;1,3753849534553442;0,8854751307255257;1,0;1,0;0,00010726243463723713;1,2508480711837429;20,847467853062383
2029-04-10;27,333390500159847;9860;3;197,39049675221108;117,07560089997668;355,90973162846063;0;1946,2702979768012;0,4054729787451669;41,704588312854796;1,3788113355402056;0,8718265362046327;1,0;1,0;0,00011408673189768366;1,2511376493856439;20,852294156427398
2029-04-11;27,2358517715855;9860;0;200,48644821658164;118,24274404790332;361,0756099746733;0;1976,7963794154948;0,41183257904489473;41,64452616577601;1,382496582630485;0,8575379659440122;1,0;1,0;0,00012123101702799392;1,2493357849732802;20,822263082888004
2029-04-12;27,138009148668814;9859;1;203,56519210121434;119,39808174347002;366,213915937458;0;2006,9492289258721;0,41811442269289;41,54717086477393;1,386316509188622;0,8426442903280633;1,0;1,0;0,00012867785483596834;1,246415125943218;20,773585432386966
2029-04-13;27,039891122801983;9858;1;206,62810160243555;120,5402085107036;371,31764065582666;0;2036,9398255968097;0,424362463666002;41,3755753076765;1,3906048585025184;0,8271826754637694;1,0;1,0;0,0001364086622681153;1,241267259230295;20,68778765383825
2029-04-14;26,941526304672596;9857;1;209,65689090105985;121,66776062988704;376,3798601970025;0;2066,5879736117467;0,4305391611691139;41,13411620268559;1,3953847972551807;0,8111923539286576;1,0;1,0;0,0001444038230356712;1,2340234860805677;20,567058101342795
2029-04-15;26,84294341629999;9855;2;212,64956233189946;122,77942356174187;381,39377608053746;0;2095,6614367808693;0,4365961326626811;40,85689562009364;1,4000300522501885;0,7947143802342772;1,0;1,0;0,00015264280988286138;1,2257068686028092;20,42844781004682
2029-04-16;26,74417128299081;9854;1;215,6166370978596;123,8739389867586;386,3527550062379;0;2124,6863419623087;0,4426429879088143;40,500380553737095;1,4052460641694606;0,7777913735368527;1,0;1,0;0,00016110431323157368;1,2150114166121129;20,250190276868548
2029-04-17;26,64523882521556;9853;1;218,53738104667985;124,95011138088628;391,25036730865287;0;2153,2488154529365;0,44859350321936176;40,100694017608156;1,4106194679082347;0,7604672502779611;1,0;1,0;0,00016976637486101944;1,2030208205282447;20,050347008804078
2029-04-18;26,546175050408227;9851;2;221,40548718337783;126,00681405536017;396,08042367713256;0;2181,065454243455;0,4543886363007198;39,607759848992224;1,4169361452777758;0,742786949548132;1,0;1,0;0,00017860652522593405;1,1882327954697667;19,803879924496112
2029-04-19;26,44700904469101;9851;0;224,22820617126465;127,04299459634792;400,83700970587245;0;2208,872058993128;0,4601816789569017;39,06564582846514;1,4233808475508711;0,7247961540331774;1,0;1,0;0,0001876019229834113;1,1719693748539544;19,53282291423257
2029-04-20;26,347769964526336;9850;1;227,00360216318634;128,05767964915034;405,5145178723599;0;2235,9854813073853;0,4658303086057053;38,513062344088056;1,4295359511547847;0,7065410094260808;1,0;1,0;0,00019672949528695962;1,1553918703226416;19,256531172044028
2029-04-21;26,24848702829836;9850;0;229,71080457575195;129,04997900169337;410,10767658441017;0;2262,6514250711566;0,47138571355649095;37,83681994122671;1,43730335016344;0,688067845166363;1,0;1,0;0,00020596607741681853;1,135104598236801;18,918409970613354
2029-04-22;26,149189507826406;9845;5;232,36921930588667;130,0190889327622;414,61157598448517;0;2287,6749640664543;0,47659895084717796;37,162824586260406;1,4445177581888555;0,6694228993049621;1,0;1,0;0,00021528855034751897;1,1148847375878121;18,581412293130203
2029-04-23;26,04990671981272;9842;3;234,95857589986778;130,96429480160387;419,02169025399706;0;2312,462304006499;0,4817629800013539;36,43777654399729;1,4518572131412484;0,6506520501875998;1,0;1,0;0,00022467397490620012;1,0931332963199185;18,218888271998644
2029-04-24;25,95066801722699;9838;4;237,47594238594556;131,88497286690608;423,3338962184494;0;2336,2883211929325;0,4867267335818609;35,62821748997734;1,4604893099925036;0,6318005575060015;1,0;1,0;0,00023409972124699925;1,0688465246993202;17,81410874498867
2029-04-25;25,85150278063038;9838;0;239,91436878544528;132,78059133448866;427,54448811509377;0;2360,2775601112107;0,49172449168983556;34,80170814913856;1,4689765386097031;0,612912815087656;1,0;1,0;0,00024354359245617197;1,0440512444741568;17,40085407456928
2029-04-26;25,75244040944165;9836;2;242,28148406834114;133,65071064407013;431,65018844677843;0;2383,0806772962037;0,49647514110337576;33,9739552879681;1,4773891635297987;0,5940321175849056;1,0;1,0;0,0002529839412075472;1,019218658639043;16,98697764398405
2029-04-27;25,65351031314827;9834;2;244,5770289337705;134,4949830159634;435,648154907345;0;2405,170502534699;0,5010771880280623;33,103905042328236;1,4862205217872428;0,5752004429878187;1,0;1,0;0,00026239977850609067;0,993117151269847;16,551952521164118
2029-04-28;25,55474190246522;9829;5;246,76613517663725;135,31315128829965;439,5359834238496;0;2425,4643426511675;0,5053050713856599;32,19011976001363;1,4957432334324585;0,5564582526273145;1,0;1,0;0,00027177087368634274;0,9657035928004088;16,095059880006815
2029-04-29;25,45616458044459;9825;4;248,91629401737214;136,1050470841946;443,3117074177219;0;2445,602588720681;0,5095005393168086;31,278834051417828;1,504756412932317;0,5378443100608439;1,0;1,0;0,00028107784496957805;0,9383650215425348;15,639417025708914
2029-04-30;25,357807733538888;9823;2;250,9833749769335;136,87058835600953;446,97379343953554;0;2465,4096923984175;0,5136270192496704;30,370905436695924;1,5137538037027696;0,5193955199478055;1,0;1,0;0,00029030224002609724;0,9111271631008777;15,185452718347962
2029-05-01;25,259700722621226;9818;5;252,9656000565867;137,60977636040118;450,5211333793412;0;2483,616261355568;0,5174200544490767;29,40909364811242;1,5240486479140285;0,5011467877314242;1,0;1,0;0,0002994266061342879;0,8822728094433726;14,70454682405621
2029-05-02;25,16187287396546;9812;6;254,88207538969468;138,32269212312755;453,95303349568985;0;2500,902923723684;0,5210214424424342;28,41189041006868;1,535016174652327;0,483130900653207;1,0;1,0;0,0003084345496733965;0,8523567123020603;14,20594520503434
2029-05-03;25,064353470189715;9809;3;256,6986876575371;139,0094924565361;457,2692005409562;0;2517,9574272327814;0,5245744640068295;27,489284861853694;1,5442941277895441;0,4653784303405964;1,0;1,0;0,00031731078482970183;0,8246785458556107;13,744642430926847
2029-05-04;24,967171741166396;9805;4;258,46914288713265;139,67040559530477;460,4697252879752;0;2534,289946008336;0,5279770720850699;26,555276004106094;1,5541421146998606;0,44791765693259317;1,0;1,0;0,0003260411715337035;0,7966582801231828;13,277638002053047
2029-05-05;24,87035685490221;9804;1;260,156965223251;140,3057265173628;463,55506378316517;0;2550,578887048753;0,5313706014684902;25,643522188985077;1,563643572334256;0,43077451444653214;1,0;1,0;0,000334612742776734;0,7693056656695523;12,821761094492539
2029-05-06;24,773937908391677;9803;1;261,76832190871863;140,91581201704622;466,526016664274;0;2566,114859671169;0,5346072624314936;24,68325205865771;1,5749051382756398;0,41397255684545803;1,0;1,0;0,00034301372157727106;0,7404975617597314;12,341626029328856
2029-05-07;24,6779439184475;9798;5;263,3135023420357;141,50107559652926;469,3837068868734;0;2579,945695947266;0,5374886866556804;23,744479526305504;1,585994023704532;0,3975329440429743;1,0;1,0;0,00035123352797851286;0,7123343857891651;11,872239763152752
2029-05-08;24,582403812511547;9798;0;264,7912330741139;142,06198223952276;472,1295562031387;0;2594,424501660168;0,540505104512535;22,85297121070601;1,595946359128387;0,3814744468837921;1,0;1,0;0,000359262776558104;0,6855891363211802;11,426485605353005
2029-05-09;24,48734641944993;9793;5;266,20541601632135;142,59904312826833;474,76526072981903;0;2606,949639047835;0,5431145081349655;21,970241824380178;1,6064689444739315;0,36581346996523795;1,0;1,0;0,000367093265017381;0,6591072547314053;10,985120912190089
2029-05-10;24,392800460336016;9786;7;267,5511781529897;143,11281036111686;477,2927659302719;0;2618,255829405157;0,5454699644594077;21,086815585049415;1,6172565094682914;0,3505640910193117;1,0;1,0;0,0003747179544903442;0,6326044675514825;10,543407792524707
2029-05-11;24,29879453922491;9783;3;268,8261791535579;143,60387172360507;479,71424131872044;0;2629,926510659257;0,5479013563873452;20,227217821353356;1,627808652499212;0,33573811545700755;1,0;1,0;0,00038213094227149624;0,6068165346406007;10,113608910676678
2029-05-12;24,205357133923496;9778;5;270,0483799780845;144,07284556107436;482,0320551742763;0;2640,5330594257102;0,550111054047023;19,372305171058613;1,639186902210552;0,3213451445868712;1,0;1,0;0,0003893274277065644;0,5811691551317584;9,686152585529307
2029-05-13;24,11251658675956;9776;2;271,2046508531545;144,52037579565692;484,2487495285413;0;2651,296666740438;0,5523534722375912;18,51199678149373;1,6514828413475657;0,30739265595746884;1,0;1,0;0,0003963036720212656;0,5553599034448118;9,255998390746864
2029-05-14;24,020301095354046;9772;4;272,302731534366;144,94712712501783;486,3670156645518;0;2660,9422925538242;0,55436297761538;17,722217584715768;1,662362988624508;0,29388609423789575;1,0;1,0;0,00040305695288105206;0,531666527541473;8,861108792357884
2029-05-15;23,92873870340041;9768;4;273,3451241491796;145,35378043471562;488,389670337228;0;2670,0351726891863;0,5562573276435805;16,956184702408148;1,6731070701303445;0,280828971040087;1,0;1,0;0,0004095855144799565;0,5086855410722444;8,478092351204074
2029-05-16;23,837857291454785;9767;1;274,34502160415576;145,7410284505426;490,31963289705214;0;2679,5278260077894;0,5582349637516227;16,206251106375685;1,684169966777424;0,26822297209970414;1,0;1,0;0,00041588851395014796;0,48618753319127056;8,103125553187843
2029-05-17;23,74768456774129;9763;4;275,3051998444471;146,10957165183166;492,1599034700884;0;2687,804666081337;0,5599593054336118;15,485178552297473;1,6952979223693312;0,2560680702668855;1,0;1,0;0,0004219659648665573;0,46455535656892416;7,7425892761487365
2029-05-18;23,658248058976145;9759;4;276,21992525110824;146,46011446155615;493,913542319258;0;2695,6302505255653;0,5615896355261595;14,795084542128453;1,7059875447103825;0,24436264281148828;1,0;1,0;0,00042781867859425593;0,44385253626385357;7,397542271064227
2029-05-19;23,56957510121485;9756;3;277,06925178141967;146,7933617241747;495,58365048450855;0;2703,0876203795306;0,5631432542457355;14,130799673376936;1,7166186151407872;0,23310359161748095;1,0;1,0;0,00043344820419125956;0,42392399020130805;7,065399836688468
2029-05-20;23,48169283072644;9749;7;277,891017649919;147,11001547764536;497,1733517735877;0;2709,15953106906;0,5644082356393875;13,493052278756625;1,7271596575084776;0,22228646492499435;1,0;1,0;0,00043885676753750285;0,40479156836269875;6,746526139378313
2029-05-21;23,394628174898852;9745;4;278,65281148973503;147,4107720218903;498,6857761508962;0;2715,471647967468;0,5657232599932225;12,843864195904137;1,7392323462256236;0,21190557937373525;1,0;1,0;0,0004440472103131324;0,3853159258771241;6,421932097952069
2029-05-22;23,30840784317954;9740;5;279,380692525981;147,69631928226966;500,1240445496118;0;2721,167945203055;0,5669099885839698;12,222141339886141;1,7514266352930852;0,2019541412053973;1,0;1,0;0,00044902292939730135;0,3666642401965842;6,111070669943071
2029-05-23;23,22305831805539;9735;5;280,06519995112143;147,96733446333312;501,4912551121262;0;2726,4347215241673;0,5680072336508682;11,630916592914495;1,7633400504389136;0,19242436559279733;1,0;1,0;0,0004537878172036013;0,34892749778743487;5,815458296457248
2029-05-24;23,138605846076093;9730;5;280,7228323434646;148,2244819852689;502,7904708459355;0;2731,43315870191;0,5690485747295646;11,082293205893713;1,7742574825645392;0,18330759317746745;1,0;1,0;0,0004583462034112663;0,33246879617681135;5,541146602946856
2029-05-25;23,05507642892512;9725;5;281,33619419672937;148,46841169305625;504,0247086665199;0;2735,994488563193;0,5699988517839986;10,556784425748521;1,7852042112678415;0,17459440301299936;1,0;1,0;0,0004627027984935003;0,3167035327724556;5,278392212874261
2029-05-26;22,97249581454225;9716;9;281,8985116923637;148,69975732633813;505,1969297854256;0;2738,9259396030056;0,5706095707506261;10,058122075182997;1,795871711395185;0,16627472122664988;1,0;1,0;0,0004668626393866751;0,3017436622554899;5,029061037591498
2029-05-27;22,89088948830198;9712;4;282,4373485702316;148,91913523644442;506,310031390671;0;2743,0315293140898;0,5714649019404354;9,575349934803121;1,806629211771515;0,15833792482478623;1,0;1,0;0,0004708310375876069;0,28726049804409365;4,787674967401561
2029-05-28;22,81028266425182;9710;2;282,96068350038195;149,12714333578893;507,3668395576424;0;2747,548236788709;0,5724058826643144;9,121000872769867;1,8172717606454383;0,15077294017703397;1,0;1,0;0,00047461352991148305;0,273630026183096;4,560500436384934
2029-05-29;22,730700276414456;9709;1;283,4500920938193;149,32436026400617;508,3701033216908;0;2752,0169441388916;0,5733368633622691;8,689302639777198;1,8279239337150426;0,1435683358182493;1,0;1,0;0,0004782158320908753;0,26067907919331595;4,344651319888599
2029-05-30;22,65216697015812;9703;6;283,9175444773104;149,51134475465406;509,3224898385476;0;2754,851934063343;0,5739274862631965;8,27910166412863;1,8384953952541994;0,1367124093055957;1,0;1,0;0,0004816437953472022;0,2483730499238589;4,139550832064315
2029-05-31;22,574707093638956;9699;4;284,34763736475156;149,68863518605343;510,22658055526966;0;2757,8877348007254;0,5745599447501512;7,884128752269609;1,8490522184784295;0,1301932679591145;1,0;1,0;0,00048490336602044276;0,23652386256808824;3,9420643761348044
2029-06-01;22,498344689319648;9694;5;284,7677460354248;149,85674929983045;511,0848683125351;0;2760,538530067408;0,5751121937640433;7,509615009387541;1,8595659349421219;0,12399890339776466;1,0;1,0;0,00048800054830111766;0,22528845028162622;3,7548075046937703
2029-06-02;22,423103485568188;9686;8;285,15737702879534;150,0161840709384;511,89975529855064;0;2762,034353900912;0,5754238237293566;7,153301708177554;1,8700195057651543;0,11811725985841365;1,0;1,0;0,0004909413700707932;0,2145990512453266;3,576650854088777
2029-06-03;22,349006888340856;9680;6;285,5512688682888;150,16741571332977;512,6735517754324;0;2764,1362826450354;0,5758617255510491;6,815180419232962;1,8801735404772553;0,11253629635257668;1,0;1,0;0,0004937318518237117;0,20445541257698885;3,407590209616481
2029-06-04;22,276077972953345;9679;1;285,90832522441536;150,31089980599472;513,4084755004989;0;2767,3066798471164;0,5765222249681492;6,4941143262742855;1,8904597680291473;0,10724404277470512;1,0;1,0;0,0004963779786126475;0,19482342978822856;3,2470571631371428
2029-06-05;22,204339475943964;9673;6;286,2719365826139;150,44707152474953;514,1066517673086;0;2769,108442563624;0,576897592200755;6,193068970835513;1,9006078874768435;0,10222865012665437;1,0;1,0;0,0004988856749366729;0,18579206912506538;3,0965344854177563
2029-06-06;22,133813787032853;9669;4;286,5939894421954;150,57634596592018;514,7701139943288;0;2771,077283916587;0,5773077674826222;5,902713827941695;1,9109243461408592;0,09747843506584393;1,0;1,0;0,0005012607824670781;0,17708141483825085;2,9513569139708475
2029-06-07;22,064522941181053;9664;5;286,91533629888744;150,6991185488979;515,4008047926864;0;2772,7498099924483;0,5776562104150934;5,627405542317892;1,9212678676862105;0,09298191901988093;1,0;1,0;0,0005035090404900595;0,16882216626953678;2,813702771158946
2029-06-08;21,99648861075319;9661;3;287,1971640629842;150,81576548542157;516,0005774484036;0;2774,61180201249;0,5780441254192688;5,366616195152166;1,9315147216154531;0,08872786213850195;1,0;1,0;0,0005056360689307491;0,16099848585456497;2,683308097576083
2029-06-09;21,929732097787696;9657;4;287,4546452666512;150,92664430434857;516,5711977587388;0;2775,9495093400506;0,5783228144458439;5,119896943930599;1,9417443531699927;0,08470529237509361;1,0;1,0;0,0005076473538124531;0,15359690831791797;2,5599484719652996
2029-06-10;21,864274326378126;9649;8;287,7283611782515;151,03209442159178;517,1143461666306;0;2776,2909570089487;0,5783939493768643;4,8861956540799785;1,951841144451168;0,08090353000527688;1,0;1,0;0,0005095482349973616;0,14658586962239936;2,4430978270399892
2029-06-11;21,800135835169403;9646;3;287,98277949108575;151,1324377458126;517,6316201417025;0;2777,8818909710135;0,5787253939522945;4,663426974411503;1,961894146415871;0,07731220789974018;1,0;1,0;0,00051134389605013;0,13990280923234508;2,3317134872057514
2029-06-12;21,737336769972487;9642;4;288,22336547189866;151,2279793113566;518,1245367607287;0;2779,049689880047;0,5789686853916765;4,454807849983338;1,9719003669961737;0,07392128787317492;1,0;1,0;0,0005130393560634126;0,13364423549950014;2,227403924991669
2029-06-13;21,675896876501188;9639;3;288,44391156605565;151,31900793078634;518,5945354448556;0;2780,3108635852104;0,5792314299135856;4,25807569845302;1,98168660596967;0,07072107343148533;1,0;1,0;0,0005146394632842573;0,1277422709535906;2,12903784922651
2029-06-14;21,615835493234545;9633;6;288,66633439683267;151,40579686020266;519,0429808151292;0;2780,722799244689;0,5793172498426435;4,073344435089639;1,9912523597931595;0,06770221923591864;1,0;1,0;0,0005161488903820407;0,12220033305268915;2,0366722175448193
2029-06-15;21,55717154440822;9629;4;288,87038262327206;151,48860447133788;519,4711656319895;0;2781,5329142794867;0,5794860238082264;3,9008808554296976;2,000233159651676;0,06485573759601197;1,0;1,0;0,000517572131201994;0,11702642566289093;1,9504404277148488
2029-06-16;21,49992353313844;9621;8;289,07278343687614;151,56767492515556;519,8803137883011;0;2781,1692494461854;0,5794102603012886;3,7385978091989753;2,0091208420277464;0,06217300229378877;1,0;1,0;0,0005189134988531056;0,11215793427596926;1,8692989045994877
2029-06-17;21,444109534681647;9615;6;289,28541194381336;151,6432388423911;520,2715833291833;0;2781,4792358397654;0,5794748407999512;3,5840105410264607;2,017894760119196;0,059645750029951324;1,0;1,0;0,0005201771249850244;0,10752031623079382;1,7920052705132303
2029-06-18;21,389747189833344;9610;5;289,4834526651238;151,71551396711874;520,6460694753637;0;2781,9359801118403;0,5795699958566334;3,4393592140766986;2,026506558955852;0,05726607976941947;1,0;1,0;0,0005213669601152903;0,10318077642230096;1,7196796070383493
2029-06-19;21,33685369846913;9601;9;289,6636676847818;151,78470582003123;521,0048076299992;0;2781,06087344159;0,579387681966998;3,3042750363388795;2,034793912366124;0,05502645024882241;1,0;1,0;0,0005224867748755888;0,09912825109016639;1,6521375181694398
2029-06-20;21,285445813231263;9595;6;289,83509283920785;151,85100833866758;521,3487763518763;0;2780,967715792199;0,5793682741233749;3,175028758505705;2,0430368705580797;0,052919675892910994;1,0;1,0;0,0005235401620535445;0,09525086275517115;1,5875143792528525
2029-06-21;21,23553983336369;9589;6;289,99741208841596;151,91460450232498;521,6789002806298;0;2780,7851845158207;0,5793302467741293;3,055100310676401;2,0509611062634834;0,050938921370610145;1,0;1,0;0,000524530539314695;0,09165300932029202;1,5275501553382005
2029-06-22;21,18715159869863;9586;3;290,1430103337236;151,9756669398426;521,9960530020994;0;2781,3108970590747;0,5794397702206405;2,942541152414848;2,058653385084019;0,04907769500491346;1,0;1,0;0,0005254611524975433;0,08827623457244545;1,471270576207424
2029-06-23;21,140296483797627;9578;8;290,30828143139206;152,0343585188514;522,3010598441903;0;2780,572719549873;0,5792859832395568;2,8368816135649157;2,0663009848511376;0,04732984123427437;1,0;1,0;0,0005263350793828628;0,08510644840694746;1,4184408067824579
2029-06-24;21,094989392249897;9574;4;290,45573677678186;152,090832915446;522,5947005956261;0;2780,8232239009094;0,5793381716460227;2,7368694403696936;2,0736613892101423;0,0456895323068039;1,0;1,0;0,0005271552338465981;0,08210608321109081;1,3684347201848468
2029-06-25;21,0512447511308;9569;5;290,5816867737387;152,1452351635557;522,8777121417891;0;2780,576160737906;0,5792867001537304;2,6438977268098105;2,080844685138506;0,044151259372621245;1,0;1,0;0,0005279243703136894;0,07931693180429432;1,3219488634049053
2029-06-26;21,00907650562314;9560;9;290,72687484925007;152,197702183575;523,1507910134453;0;2779,348923558831;0,5790310257414231;2,55685491524431;2,0876863106882566;0,04270982312427966;1,0;1,0;0,0005286450884378602;0,0767056474573293;1,278427457622155
2029-06-27;20,9684981138039;9555;5;290,840766636484;152,2483632900602;523,4145958455751;0;2778,9835252116045;0,578954901085751;2,4744903966540686;2,094308192335043;0,04136032412041782;1,0;1,0;0,0005293198379397911;0,07423471189962205;1,2372451983270343
2029-06-28;20,929522541598995;9551;4;290,97482436417073;152,29734067851442;523,6697497447658;0;2779,1005475021943;0,5789792807296238;2,3979153809801663;2,100775734043083;0,040098152913768094;1,0;1,0;0,000529950923543116;0,07193746142940499;1,1989576904900832
2029-06-29;20,892162257908485;9546;5;291,0955165949085;152,34474989146642;523,9168425647117;0;2778,7978014149962;0,5789162086281242;2,3267324277013084;2,107022281822661;0,03891898009144841;1,0;1,0;0,0005305405099542758;0,06980197283103926;1,1633662138506542
2029-06-30;20,8564292299047;9544;2;291,21359191476034;152,3907002642085;524,1564330903014;0;2779,3425212344728;0,5790296919238485;2,2596721288137838;2,113111673700548;0,037818746323122515;1,0;1,0;0,0005310906268384388;0,06779016386441351;1,1298360644068919
2029-07-01;20,822334918505515;9538;6;291,32635865540175;152,43529535069007;524,3890511315774;0;2778,670808855222;0,5788897518448379;2,1987260334289735;2,1187121032196425;0,036793652501155565;1,0;1,0;0,0005316031737494223;0,0659617810028692;1,0993630167144868
2029-07-02;20,78989027402509;9535;3;291,4506476072035;152,4786333301767;524,6151995295384;0;2778,9819249346856;0,5789545676947262;2,140815016974802;2,124147897301639;0,035840150046339884;1,0;1,0;0,00053207992497683;0,06422445050924405;1,070407508487401
2029-07-03;20,75910573200414;9531;4;291,54304957403775;152,52080739537666;524,8353560763355;0;2778,696805490154;0,5788951678104488;2,0877355580784474;2,1293409557600054;0,034954931443095534;1,0;1,0;0,0005325225342784522;0,06263206674235341;1,0438677790392237
2029-07-04;20,729991209221865;9528;3;291,6429766762732;152,5619061228119;525,0499753528975;0;2778,7742817715307;0,5789113087024023;2,0382213171354504;2,1342471694450493;0,034134921059268124;1,0;1,0;0,000532932539470366;0,06114663951406351;1,0191106585677252
2029-07-05;20,702556099891517;9524;4;291,7406967995672;152,60201382627244;525,2594904874213;0;2778,5383963190784;0,578862165899808;1,9924015521272223;2,1389882615323015;0,03337726629770796;1,0;1,0;0,0005333113668511461;0,05977204656381666;0,9962007760636111
2029-07-06;20,67680927204141;9519;5;291,8324660618391;152,6412108942398;525,4643148384954;0;2777,9532444426463;0,5787402592588846;1,9501207387265909;2,1434101925404145;0,032679329119696315;1,0;1,0;0,0005336603354401518;0,058503622161797726;0,9750603693632954
2029-07-07;20,652759064083387;9516;3;291,920227875387;152,67957411220345;525,6648436068883;0;2777,912888462183;0,5787318517629548;1,9108850714923968;2,147612986079903;0,03203867797395581;1,0;1,0;0,0005339806610130222;0,057326552144771906;0,9554425357461984
2029-07-08;20,63041328157019;9512;4;292,0040377426733;152,71717697082093;525,8614553802482;0;2777,5424070083086;0,5786546681267309;1,8753917164191571;2,151524916319563;0,03145308015936838;1,0;1,0;0,0005342734599203158;0,05626175149257471;0,9376958582095786
2029-07-09;20,60977919414363;9505;7;292,07248206651786;152,75408996089294;526,0545136151246;0;2776,148942042252;0,5783643629254692;1,8431584706463486;2,155060384914375;0,030920494644631723;1,0;1,0;0,0005345397526776842;0,05529475411939046;0,9215792353231743
2029-07-10;20,590863532674987;9501;4;292,16598829773807;152,79038085613843;526,2443680608541;0;2775,8690548168097;0,5783060530868354;1,8132448234958132;2,158341472024517;0,030439065363806764;1,0;1,0;0,0005347804673180967;0,054397344704874395;0,9066224117479066
2029-07-11;20,57367248659907;9496;5;292,26468851304014;152,82611498476248;526,431356129947;0;2775,345482119829;0,578196975441631;1,7871667695309172;2,1612929094931665;0,03000711500304273;1,0;1,0;0,0005349964424984787;0,053615003085927516;0,8935833847654586
2029-07-12;20,55821170144342;9493;3;292,3460734127748;152,86135549081519;526,6158042196851;0;2775,241274907471;0,5781752656057232;1,763461086580663;2,1640760773130396;0,029623139290639963;1,0;1,0;0,0005351884303546801;0,05290383259741989;0,8817305432903315
2029-07-13;20,544486276553886;9487;6;292,44107532360175;152,89616358634046;526,7980289896909;0;2774,38848159501;0,5779976003322937;1,74323694284523;2,1664224341910305;0,02928580179997632;1,0;1,0;0,0005353570991000119;0,05229710828535689;0,871618471422615
2029-07-14;20,53250076301777;9483;4;292,5281461755766;152,93059879531359;526,9783386002669;0;2774,0444101829926;0,5779259187881235;1,7248736320713327;2,168613914423143;0,028993929272641425;1,0;1,0;0,0005355030353636793;0,05174620896213998;0,8624368160356664
2029-07-15;20,52225916178568;9475;8;292,6111249980247;152,9647191903638;527,1570339163277;0;2772,490409356284;0,5776021686158925;1,7096623755055353;2,170449676412481;0,028746507467338877;1,0;1,0;0,0005356267462663306;0,05128987126516606;0,8548311877527677
2029-07-16;20,513764921993083;9471;4;292,69520039495035;152,99858162327592;527,3344096817698;0;2772,116242940575;0,5775242172792865;1,696023764067569;2,17209470905157;0,028542677538685574;1,0;1,0;0,0005357286612306572;0,05088071292202707;0,8480118820337845
2029-07-17;20,50702093948257;9464;7;292,7973163054328;153,0322419502618;527,5107556691347;0;2771,033801514616;0,5772987086488783;1,685950473170087;2,173342311584861;0,028381732948922517;1,0;1,0;0,0005358091335255388;0,050578514195102606;0,8429752365850435
2029-07-18;20,50202955552756;9457;7;292,8764577914353;153,06575525299058;527,6863578094413;0;2769,7326613336036;0,5770276377778341;1,677780650592386;2,1743611980620154;0,028263116914690897;1,0;1,0;0,0005358684415426547;0,05033341951777158;0,838890325296193
2029-07-19;20,49879255575831;9448;9;292,9367213918186;153,09917605636443;527,8614993070757;0;2767,6661437099024;0,5765971132728963;1,672269460176486;2,174974639371904;0,028186420390406197;1,0;1,0;0,0005359067898047969;0,050168083805294576;0,836134730088243
2029-07-20;20,497311169290853;9438;10;293,0263520593581;153,132558544027;528,0364617446495;0;2765,5827107362215;0,5761630647367129;1,6688954939877527;2,175244488699089;0,028151380589315652;1,0;1,0;0,0005359243097053422;0,05006686481963258;0,8344477469938764
2029-07-21;20,497586068059427;9435;3;293,1033361984903;153,1659567725924;528,2115261827636;0;2765,429977032756;0,5761312452151576;1,6675330716951016;2,1753779377847056;0,028157880043023862;1,0;1,0;0,0005359210599784881;0,050025992150853044;0,8337665358475508
2029-07-22;20,499617366352894;9423;12;293,1885480520087;153,19942488558584;528,3869742596488;0;2762,7156882940776;0,5755657683945995;1,6700932147700052;2,1751036607531167;0,028205946200080784;1,0;1,0;0,0005358970268999596;0,05010279644310015;0,8350466073850026
2029-07-23;20,503404620555585;9414;9;293,2644727649069;153,23301732809213;528,5630892956955;0;2760,7917466088334;0,5751649472101736;1,6733741858387543;2,174603216685734;0,028295751564100823;1,0;1,0;0,0005358521242179496;0,05020122557516263;0,8366870929193772
2029-07-24;20,508946829092825;9407;7;293,34046906504045;153,2667890631149;528,7401574079369;0;2759,4537924948354;0,5748862067697573;1,6800560524680737;2,1736418918042473;0,02842761437178568;1,0;1,0;0,0005357861928141071;0,050401681574042206;0,8400280262340368
2029-07-25;20,51624243258136;9402;5;293,43464970102696;153,3007957906592;528,9184686396125;0;2758,8725764890555;0,5747651201018865;1,6894958882854736;2,172420483191083;0,02860199981112467;1,0;1,0;0,0005356990000944377;0,050684876648564206;0,8447479441427368
2029-07-26;20,52528931418484;9397;5;293,5258827438712;153,3350941705608;529,0983181100082;0;2758,262720144158;0,5746380666966996;1,7014951074401883;2,1710627003751606;0,02881952177990004;1,0;1,0;0,00053559023911005;0,05104485322320565;0,8507475537200941
2029-07-27;20,536084800174415;9393;4;293,61647081258667;153,36974205010011;529,2800071898538;0;2757,9395103426264;0,5745707313213805;1,7158662581697308;2,1694775764751504;0,02908094518440123;1,0;1,0;0,0005354595274077995;0,05147598774509192;0,8579331290848654
2029-07-28;20,548625660694245;9390;3;293,69481241053825;153,40479869745337;529,463844707648;0;2757,7942885349544;0,5745404767781155;1,7331346494234003;2,1675669327954252;0,029387188777896537;1,0;1,0;0,0005353064056110517;0,05199403948270201;0,8665673247117002
2029-07-29;20,562908110732;9384;6;293,7723153423069;153,44032504205185;529,6501481923868;0;2756,7594071722083;0,57432487649421;1,7536668736620444;2,1652046699580625;0,029739328537916294;1,0;1,0;0,0005351303357310419;0,05261000620986133;0,8768334368310222
2029-07-30;20,578927811293905;9379;5;293,86213737118754;153,4763839229393;529,8392451582774;0;2756,132986404368;0,5741943721675766;1,7763044649949606;2,16258645046872;0,03013860158068129;1,0;1,0;0,0005349306992096594;0,05328913394984882;0,8881522324974803
2029-07-31;20,59667987078415;9375;4;293,9606043098231;153,51304034623874;530,0314744371422;0;2755,8806654045916;0,5741418052926233;1,8018214264983985;2,159757755124554;0,03058641061006979;1,0;1,0;0,0005347067946949651;0,05405464279495195;0,9009107132491992
2029-08-01;20,61615884658811;9372;3;294,05090659858536;153,5503617528615;530,2271875643402;0;2755,845096641942;0,5741343951337379;1,8306134082777765;2,156611905362168;0,031084328897274825;1,0;1,0;0,0005344578355513626;0,054918402248333296;0,9153067041388883
2029-08-02;20,63735874685897;9370;2;294,14461572232307;153,5884182976153;530,426750224166;0;2756,1350493181676;0,5741948019412849;1,8622844646947045;2,153285192686711;0,03163410578574257;1,0;1,0;0,0005341829471071287;0,05586853394084113;0,9311422323473523
2029-08-03;20,66027303250712;9364;6;294,2186459538585;153,62728314089046;530,630543760816;0;2755,063400711931;0,5739715418149857;1,8974188199501714;2,1496498550478345;0,03223767271403768;1,0;1,0;0,0005338811636429812;0,056922564598505136;0,9487094099750857
2029-08-04;20,68489461939153;9354;10;294,28852631529196;153,66703275412746;530,8389667611486;0;2752,774875153241;0,5734947656569251;1,9354458566503825;2,145560130401535;0,032897149746910624;1,0;1,0;0,0005335514251265448;0,05806337569951147;0,9677229283251912
2029-08-05;20,711215880712512;9352;2;294,39469634612345;153,70774724029124;531,0524367155951;0;2753,1792002289467;0,5735790000476972;1,9757833056844893;2,141265183033882;0,033614852602010206;1,0;1,0;0,0005331925736989949;0,05927349917053468;0,9878916528422447
2029-08-06;20,73922864960469;9351;1;294,49203980975506;153,7495106705987;531,271391763703;0;2753,79506426102;0,5737073050543792;2,021422648882649;2,1367535329607343;0,03439330015630245;1,0;1,0;0,0005328033499218488;0,06064267946647947;1,0107113244413246
2029-08-07;20,768924221929577;9348;3;294,60174353010916;153,79241143876473;531,4962925309125;0;2753,9370985194605;0,5737368955248876;2,07135005455852;2,1318615807777626;0,03523522241233254;1,0;1,0;0,0005323823887938337;0,0621405016367556;1,03567502727926
2029-08-08;20,800293359266316;9338;10;294,7092097701186;153,83654263404762;531,72762406327;0;2751,9946008333677;0,5733322085069517;2,1244694384582448;2,1268187892022183;0,03614356889987806;1,0;1,0;0,0005319282155500611;0,06373408315374735;1,0622347192291224
2029-08-09;20,83332629209968;9336;2;294,809186775209;153,8820024343869;531,9658978668691;0;2752,3385677333513;0,5734038682777816;2,17920802906025;2,121749317551477;0,03712151748330579;1,0;1,0;0,0005314392412583472;0,06537624087180749;1,089604014530125
2029-08-10;20,868012723204;9329;7;294,9222801139607;153,9288945209318;532,2116540588714;0;2751,329951183139;0,5731937398298207;2,240970177921875;2,1161540941747212;0,03817248353895984;1,0;1,0;0,0005309137582305202;0,06722910533765625;1,1204850889609375
2029-08-11;20,904341831221632;9324;5;295,0395177396219;153,97732851525956;532,4654636369994;0;2750,9484634042346;0,5731142632092155;2,3052392207803014;2,110545409157646;0,039300129460152496;1,0;1,0;0,0005303499352699237;0,06915717662340903;1,1526196103901507
2029-08-12;20,942302274434542;9321;3;295,16034116074394;154,0274204405734;532,7279308743894;0;2751,189539959294;0,5731644874915196;2,374833692402304;2,1046565170316724;0,04050837443975354;1,0;1,0;0,0005297458127801232;0,07124501077206911;1,187416846201152
2029-08-13;20,981882194727568;9319;2;295,2879992134441;154,07929320815387;532,9996958466578;0;2751,788864670086;0,5732893468062679;2,450216388437808;2,098451761535323;0,04180140447193914;1,0;1,0;0,0005290992977640304;0,07350649165313423;1,225108194218904
2029-08-14;21,023069221741597;9312;7;295,4215576919831;154,13307713030792;533,2814370979429;0;2750,9655452277466;0,5731178219224472;2,5310052366348113;2,0920525723741727;0,04318368250531947;1,0;1,0;0,0005284081587473403;0,07593015709904434;1,2655026183174056
2029-08-15;21,065850477215008;9307;5;295,5585792948025;154,18891046101905;533,5738744525416;0;2750,7636974967268;0,5730757703118181;2,6160777606763386;2,0854010146222337;0,04465995866941818;1,0;1,0;0,0005276700206652909;0,07848233282029016;1,3080388803381693
2029-08-16;21,11021257951164;9303;4;295,7113439704612;154,24693996544684;533,8777719785551;0;2751,0026329572006;0,5731255485327501;2,7074594545526587;2,0785378190562773;0,046235280485289805;1,0;1,0;0,0005268823597573551;0,08122378363657975;1,3537297272763293
2029-08-17;21,156141648333183;9296;7;295,84911157612567;154,3073215193515;534,1939411096738;0;2750,213341211664;0,57296111275243;2,8053049786747377;2,0714759522456956;0,04791500295892654;1,0;1,0;0,0005260424985205367;0,08415914936024213;1,4026524893373689
2029-08-18;21,203623309614308;9292;4;295,9952974381274;154,37022073942825;534,523243930877;0;2750,3883037950795;0,5729975632906416;2,908008766777802;2,064310564889132;0,049704798443076306;1,0;1,0;0,0005251476007784619;0,08724026300333405;1,454004383388901
2029-08-19;21,25264270059808;9288;4;296,155916038266;154,43581364542595;534,8665966333638;0;2750,6961481634144;0,5730616975340447;3,017673955285843;2,057099592389113;0,051610666139129006;1,0;1,0;0,0005241946669304355;0,09053021865857529;1,5088369776429216
2029-08-20;21,30318447508983;9283;5;296,33588754402564;154,50428735478846;535,2249731434866;0;2750,88604407119;0,5731012591814979;3,132511257945649;2,0500888125087364;0,05363894109597291;1,0;1,0;0,0005231805294520136;0,09397533773836947;1,5662556289728244
2029-08-21;21,355232808887;9278;5;296,5231450745633;154,57584081039946;535,5994089297957;0;2751,141740001798;0,5731545291670412;3,256151498639213;2,0425826748718783;0,0557963025471584;1,0;1,0;0,0005221018487264209;0,09768454495917639;1,6280757493196065
2029-08-22;21,408771405382662;9276;2;296,7018233534787;154,65068554182346;535,9910049915215;0;2752,2061134268683;0,5733762736305976;3,38691469368804;2,035032028668873;0,05808978141150616;1,0;1,0;0,000520955109294247;0,10160744081064119;1,69345734684402
2029-08-23;21,46378350134028;9271;5;296,8839291101144;154,72904646021962;536,4009320309189;0;2752,410906779871;0,5734189389124731;3,527628799311373;2,0271795442995435;0,060526766765566696;1,0;1,0;0,0005197366166172166;0,10582886397934119;1,7638143996556865
2029-08-24;21,52025187283721;9264;7;297,0507783582756;154,81116268685662;536,8304348108474;0;2751,878410711065;0,5733080022314719;3,6753026188757043;2,019267010805978;0,06311501107924021;1,0;1,0;0,0005184424944603799;0,11025907856627112;1,8376513094378522
2029-08-25;21,578158841374243;9257;7;297,25784911677204;154,8972884148748;537,2808366977786;0;2751,715909273959;0,5732741477654081;3,8316494814495035;2,011096291008984;0,06586263398861099;1,0;1,0;0,0005170686830056945;0,1149494844434851;1,9158247407247517
2029-08-26;21,637486280148483;9251;6;297,4901787111922;154,9876938036235;537,7535443890761;0;2752,0816432572387;0,5733503423452581;3,995674482660884;2,003132541323659;0,0687781243628878;1,0;1,0;0,0005156109378185561;0,11987023447982652;1,997837241330442
2029-08-27;21,69821562048689;9245;6;297,719124659148;155,08266590454707;538,2500528218959;0;2752,4133074738234;0,5734194390570465;4,171420100354984;1,994869631139504;0,07187034040555305;1,0;1,0;0,0005140648297972235;0,12514260301064953;2,085710050177492
2029-08-28;21,76032785843742;9242;3;297,95780325627396;155,18250961719815;538,7719502593949;0;2753,726017694484;0,5736929203530176;4,3578456956436025;1,9864404419993138;0,07514850751370823;1,0;1,0;0,0005124257462431459;0,13073537086930806;2,1789228478218012
2029-08-29;21,823803561514925;9238;4;298,2144639996322;155,28754867352404;539,3209235481024;0;2754,905218428602;0,5739385871726254;4,556476777512931;1,9779468995717588;0,07862221360459361;1,0;1,0;0,0005106888931977032;0,13669430332538793;2,2782383887564657
2029-08-30;21,888622875598717;9234;4;298,4752691884764;155,39812664809804;539,8987635383199;0;2756,120635686391;0,5741917991013314;4,768894246746513;1,9690442023871781;0,08230140160470703;1,0;1,0;0,0005088492991976465;0,1430668274023954;2,3844471233732567
2029-08-31;21,954765531978623;9228;6;298,7641000752177;155,51460799145374;540,5073706572477;0;2756,9951154941086;0,574373982394606;4,994497464506252;1,9599555114115643;0,08619635878535382;1,0;1,0;0,0005069018206073231;0,14983492393518755;2,497248732253126
2029-09-01;22,02221085454644;9226;2;299,04675215696693;155,63737908312686;541,1487606222157;0;2759,005335400177;0,5747927782083703;5,23147729445164;1,950896810155821;0,09031770261932554;1,0;1,0;0,0005048411486903373;0,1569443188335492;2,61573864722582
2029-09-02;22,090937767129294;9222;4;299,36067709689183;155,766849300418;541,8250702789153;0;2760,7041641875367;0,5751467008724035;5,483686041508201;1,9418176974230126;0,09467636282723078;1,0;1,0;0,0005026618185863846;0,16451058124524603;2,7418430207541005
2029-09-03;22,16092480096173;9219;3;299,6870468782929;155,9034520982617;542,5385635469005;0;2762,814885170982;0,5755864344106213;5,748553695465247;1,9327708128842875;0,09928355927943584;1,0;1,0;0,0005003582203602821;0,17245661086395742;2,8742768477326237
2029-09-04;22,23215010229296;9214;5;300,0253469017271;156,0476460949266;543,291637451865;0;2764,4335463525135;0,5759236554901069;6,02977672427346;1,923594877647728;0,10415077542112854;1,0;1,0;0,0004979246122894358;0,18089330172820378;3,01488836213673
2029-09-05;22,304591440125733;9207;7;300,40304654558025;156,19991615758062;544,0868282213204;0;2765,8108495451575;0,5762105936552412;6,323657761341851;1,9145355948824714;0,1092897268943831;1,0;1,0;0,0004953551365528085;0,18970973284025552;3,1618288806709254
2029-09-06;22,37822621408335;9204;3;300,7858799923735;156,36077448104137;544,9268174173205;0;2768,4332394498056;0,5767569248853761;6,631874385519556;1,9055255714616548;0,11471232504287426;1,0;1,0;0,0004926438374785629;0,19895623156558667;3,315937192759778
2029-09-07;22,453031462401;9199;5;301,19716453651023;156,53076165229677;545,8144380768143;0;2770,7127165713578;0,5772318159523662;6,963282413405255;1,8961696088338238;0,12043063500266599;1,0;1,0;0,000489784682498667;0,20889847240215764;3,4816412067026277
2029-09-08;22,528983870037745;9194;5;301,6090427214885;156,71044769263597;546,7526808271006;0;2772,9935387813653;0,5777069872461178;7,313260367390833;1,8866461245905581;0,12645682810692108;1,0;1,0;0,0004867715859465395;0,21939781102172498;3,6566301836954165
2029-09-09;22,606059776905397;9188;6;302,0637266680638;156,90043306847988;547,7446999407197;0;2775,36152062617;0,5782003167971188;7,678554486842444;1,8773536942465119;0,1328031283639767;1,0;1,0;0,0004835984358180117;0,2303566346052733;3,839277243421222
2029-09-10;22,68423518621027;9183;5;302,53488292156527;157,10134966125503;548,7938192909872;0;2778,177829868734;0,5787870478893196;8,06181597667213;1,8681383669038132;0,13948175280749645;1,0;1,0;0,0004802591235962518;0,24185447930016388;4,030907988336065
2029-09-11;22,763485772904065;9182;1;303,04072156418084;157,31386168592246;549,9035381662851;0;2782,5199054023083;0,5796916469588143;8,466252339158054;1,8588970186397047;0,1465048455648228;1,0;1,0;0,00047674757721758864;0,2539875701747416;4,233126169579027
2029-09-12;22,843786892239688;9179;3;303,5744778149838;157,5386665470666;551,0775368982087;0;2786,5101318637367;0,5805229441382784;8,899010608195061;1,849450862052914;0,15388440554545058;1,0;1,0;0,00047305779722727474;0,2669703182458518;4,4495053040975305
2029-09-13;22,925113588428093;9175;4;304,12400266851927;157,77649562077815;552,3196822557662;0;2790,3377244836643;0,5813203592674301;9,34704689064709;1,84035358369857;0,1616322077160349;1,0;1,0;0,00046918389614198253;0,28041140671941267;4,673523445323545
2029-09-14;23,007440603391974;9171;4;304,7033287400745;158,02811494994177;553,6340325550668;0;2794,434227875223;0,5821737974740048;9,820155993363779;1,8310437060419695;0,1697597180014883;1,0;1,0;0,00046512014099925586;0,29460467980091337;4,910077996681889
2029-09-15;23,090742385612163;9168;3;305,32617577850556;158,29432583997772;555,0248424313623;0;2799,2303795373386;0,5831729957369456;10,315682482898817;1,8218375595088911;0,17827800193348303;1,0;1,0;0,00046086099903325847;0,30947047448696446;5,157841241449408
2029-09-16;23,174993099062537;9163;5;305,990237676859;158,57596534159708;556,4965672179534;0;2803,788547833059;0,5841226141318873;10,834077488006722;1,8128392853186286;0,1871976272577042;1,0;1,0;0,00045640118637114795;0,32502232464020164;5,417038744003361
2029-09-17;23,260166632229105;9159;4;306,68619040402854;158,8739066067277;558,0538668743667;0;2808,9388179104976;0,585195587064687;11,355649137215794;1,8049051780839855;0,19652856080900682;1,0;1,0;0,00045173571959549656;0,3406694741164738;5,677824568607897
2029-09-18;23,34623660720912;9155;4;307,401606143374;159,1890591034646;559,7016094043944;0;2814,261704242589;0,586304521717206;11,896789052660504;1,797277321461418;0,20628006006849203;1,0;1,0;0,000446859969965754;0,3569036715798151;5,948394526330252
2029-09-19;23,433176388885684;9153;2;308,16867995216654;159,52236867570565;561,444873703076;0;2820,6679276021805;0,5876391515837877;12,462109903638348;1,7896538277391956;0,21646055992739116;1,0;1,0;0,0004417697200363044;0,37386329710915045;6,231054951819174
2029-09-20;23,5209590941737;9150;3;308,9758986204594;159,87481743306535;563,288951770531;0;2827,129472377204;0,5889853067452508;13,075560578467087;1,7811850003275522;0,22707755529841062;1,0;1,0;0,00043646122235079475;0,3922668173540126;6,5377802892335435
2029-09-21;23,609557601332508;9145;5;309,82943789186226;160,24742345672323;565,2393502297275;0;2833,3902095210806;0,5902896269835585;13,71916075197146;1,7725998765924127;0,23813748033419066;1,0;1,0;0,0004309312598329047;0,4115748225591438;6,85958037598573
2029-09-22;23,69894455934097;9140;5;310,731014301217;160,6412403070745;567,3017910848221;0;2840,081470713123;0,5916836397319006;14,383940230876286;1,7642554624917066;0,24964558513324395;1,0;1,0;0,00042517720743337804;0,43151820692628856;7,191970115438143
2029-09-23;23,78909239733048;9137;3;311,68702027905243;161,05735631941104;569,4822116566249;0;2847,884304289702;0,5933092300603545;15,08101693532104;1,7558402417548586;0,2616058109339568;1,0;1,0;0,00041919709453302166;0,4524305080596312;7,54050846766052
2029-09-24;23,879973334071384;9132;5;312,7073218124277;161,49689367438415;571,7867636320561;0;2855,64326279109;0,5949256797481437;15,805469512822667;1,7477178847639552;0,2740206649149062;1,0;1,0;0,0004129896675425469;0,47416408538467997;7,902734756411333
2029-09-25;23,971559387508297;9127;5;313,768916382436;161,9610072306876;574,221811165144;0;2863,768899822493;0,5966185207963527;16,5536713073977;1,7397903813531;0,2868910958324077;1,0;1,0;0,00040655445208379623;0,496610139221931;8,27683565369885
2029-09-26;24,06382238433989;9123;4;314,86747923484165;162,45088310825685;576,793927968191;0;2872,5360130594604;0,5984450027207209;17,333173867675534;1,7318797733626519;0,30021637183128497;1,0;1,0;0,0003998918140843576;0,519995216030266;8,666586933837767
2029-09-27;24,156733969638527;9118;5;316,02411653710584;162,96773701130925;579,5098933331797;0;2881,507894585331;0,6003141447052773;18,129640246611;1,7245181549510493;0,31399396185965317;1,0;1,0;0,0003930030190701734;0,54388920739833;9,0648201233055
2029-09-28;24,25026561650527;9114;4;317,2475426759557;163,5128122817511;582,376687025313;0;2891,3941039486604;0,602373771655971;18,912695418116897;1,7184903040846933;0,32821942220029776;1,0;1,0;0,00038589028889985115;0,5673808625435068;9,456347709058448
2029-09-29;24,344388635755696;9107;7;318,5132864989299;164,08737767484828;585,4014829927761;0;2900,7005001457546;0,6043126041970323;19,74803316167543;1,7118726501588617;0,34288628969721696;1,0;1,0;0,00037855685515139154;0,5924409948502629;9,874016580837715
2029-09-30;24,439074185632;9105;2;319,855284618106;164,69272485059656;588,5916418393614;0;2912,282366447855;0,6067254930099698;20,62340144168454;1,7048130693057857;0,3579859833033829;1,0;1,0;0,00037100700834830856;0,6187020432505361;10,31170072084227
2029-10-01;24,53429328153685;9101;4;321,2616899795646;165,33016557592956;591,9547020095314;0;2923,8026405040173;0,6091255501050036;21,540560919938173;1,6978703798370407;0,37350771560218915;1,0;1,0;0,0003632461421989055;0,6462168275981451;10,770280459969086
2029-10-02;24,630016805784507;9094;7;322,7349427610082;166,0010286347601;595,4983696388049;0;2934,951569468609;0,6114482436392935;22,505127720693547;1,6904903200681909;0,3894384159580292;1,0;1,0;0,00035528079202098544;0,6751538316208064;11,252563860346774
2029-10-03;24,726215517364675;9090;4;324,2881150756179;166,70665644485968;599,2305070260627;0;2947,7789660373664;0,6141206179244514;23,464860797291497;1,6839263927826937;0,4057626669288906;1,0;1,0;0,0003471186665355547;0,7039458239187448;11,732430398645748
2029-10-04;24,822860061714596;9088;2;325,916328402382;167,4484013827287;603,1591196885101;0;2961,927592520848;0,6170682484418434;24,450024728816057;1,6777625741328845;0,4224626555240533;1,0;1,0;0,00033876867223797333;0,7335007418644817;12,225012364408029
2029-10-05;24,919920980494982;9083;5;327,5851594796944;168,22762181989154;607,2923419646452;0;2975,4560035540644;0,6198866674070967;25,416712235862732;1,6728760047457634;0,4395181408116993;1,0;1,0;0,0003302409295941504;0,7625013670758819;12,708356117931366
2029-10-06;25,017368721365276;9081;2;329,3404414548;169,0456778764524;611,6384211357093;0;2990,740548851039;0,6230709476772998;26,452343534152387;1,6669226151209005;0,4569064392736216;1,0;1,0;0,0003215467803631892;0,7935703060245716;13,226171767076194
2029-10-07;25,115173647753867;9080;1;331,18214458355664;169,90392690025993;616,2057000418195;0;3007,1338728186943;0,6264862235038946;27,531115068979243;1,6609761902338285;0,4746024291671838;1,0;1,0;0,00031269878541640816;0,8259334520693773;13,765557534489622
2029-10-08;25,21330604861898;9079;1;333,1095601343692;170,803718682641;621,002598175357;0;3024,301696459938;0,6300628534291537;28,65150324031764;1,6549715018575784;0,4925785749885744;1,0;1,0;0,0003037107125057128;0,8595450972095292;14,32575162015882
2029-10-09;25,31173614819573;9077;2;335,12218226751344;171,7463904243612;626,0375912413253;0;3041,9040484422194;0,633730010092129;29,78101557436123;1,649468637914219;0,5108049729372807;1,0;1,0;0,00029459751353135965;0,8934304672308369;14,890507787180615
2029-10-10;25,410434115725263;9074;3;337,21190486699;172,73326146824078;631,3191891823604;0;3059,8608247630673;0,6374710051589724;30,855423447165943;1,645491861630932;0,5292494180614822;1,0;1,0;0,0002853752909692589;0,9256627034149782;15,427711723582972
2029-10-11;25,50937007516158;9070;4;339,38822243991353;173,7656278176842;636,8559126750063;0;3078,251177530016;0,6413023286520866;32,007653612522276;1,6405732763720036;0,547877493519985;1,0;1,0;0,0002760612532400075;0,9602296083756683;16,003826806261138
2029-10-12;25,60851411485194;9070;0;341,6502512553253;174,84475646325313;642,656268113838;0;3098,7677788858005;0,6455766206012085;33,20699270516322;1,6353311849723322;0,5666526821316562;1,0;1,0;0,0002666736589341719;0,9962097811548967;16,60349635258161
2029-10-13;25,70783629718673;9068;2;344,0201582398199;175,97187954230986;648,7287211111338;0;3119,574794918687;0,6499114156080598;34,46765507721725;1,629868674203305;0,5855365001017815;1,0;1,0;0,00025723174994910923;1,0340296523165176;17,233827538608626
2029-10-14;25,807306668214736;9065;3;346,471721294472;177,14818835965835;655,081668552146;0;3140,7661535343886;0,6543262819863309;35,664192347734534;1,6258145852403496;0,6044886525206153;1,0;1,0;0,00024775567373969235;1,069925770432036;17,832096173867267
2029-10-15;25,906895267219628;9062;3;349,00798157933843;178,3748272999937;661,7234092596747;0;3162,710329071965;0,6588979852233261;36,85057510903434;1,6222311147061383;0,623467209927543;1,0;1,0;0,0002382663950362285;1,10551725327103;18,42528755451717
2029-10-16;26,006572136254068;9060;2;351,63013409701426;179,65288766580858;668,6621133366477;0;3185,769014918949;0,6637018781081143;38,11841612841592;1,6178281273742487;0,6424288049300173;1,0;1,0;0,00022878559753499133;1,1435524838524775;19,05920806420796
2029-10-17;26,106307329627217;9059;1;354,356709892303;180,98340147716928;675,9057902717734;0;3210,117434914373;0,668774465607161;39,416335950390184;1,6134445481402413;0,6613288475650682;1,0;1,0;0,00021933557621746594;1,1824900785117054;19,708167975195092
2029-10-18;26,20607092334208;9059;0;357,1762511607785;182,36733527243018;683,4622559110331;0;3235,659659265493;0,6740957623469777;40,67017247670413;1,6100780966502557;0,6801217577987991;1,0;1,0;0,00020993912110060046;1,220105174301124;20,335086238352066
2029-10-19;26,305833024478844;9057;2;360,10186079252617;183,8055839514645;691,3390984167476;0;3261,4425531979095;0,6794671985828978;41,99619929489465;1,606135055947625;0,6987612132813205;1,0;1,0;0,00020061939335933978;1,2598859788468395;20,998099647447326
2029-10-20;26,405563780520627;9057;0;363,12200821898483;185,2989647053108;699,54364335606;0;3288,7960284393457;0,6851658392581971;43,329886793291784;1,6023042388445843;0,7172004102168968;1,0;1,0;0,00019139979489155156;1,2998966037987534;21,664943396645892
2029-10-21;26,50523338861809;9054;3;366,2314298015188;186,84821107821958;708,0829180817508;0;3315,859365422951;0,6908040344631149;44,67083304348469;1,5987791356231245;0,7353923349770798;1,0;1,0;0,0001823038325114601;1,3401249913045408;22,335416521742346
2029-10-22;26,604812104789342;9054;0;369,4489526124496;188,4539672098844;713,4980426470082;0;3344,990816953119;0,6968730868652332;45,94807048791934;1,596042610096678;0,7532900438832284;1,0;1,0;0,00017335497805838582;1,37844211463758;22,97403524395967
2029-10-23;26,70427025305192;9052;2;372,7711307747042;190,11678230710092;719,0966183732637;0;3374,3242757726225;0,7029842241192964;47,33664610614594;1,5924364042057375;0,7708469484188266;1,0;1,0;0,00016457652579058668;1,4200993831843782;23,66832305307297
2029-10-24;26,80357823448337;9051;1;376,19988403505255;191,83710539516116;724,8795265881573;0;3404,985150401261;0,709371906333596;48,72631927451186;1,5889343757150047;0,7880171030049627;1,0;1,0;0,00015599144849751863;1,4617895782353556;24,36315963725593
2029-10-25;26,902706536207408;9051;0;379,73034241864036;193,61528039990108;730,8472930430961;0;3436,939329231114;0,7160290269231487;50,06094845607017;1,5862721317278579;0,8047554923877397;1,0;1,0;0,00014762225380613017;1,5018284536821052;25,030474228035086
2029-10-26;27,001625740302376;9049;2;383,38453169409223;195,45154161141988;737,0000759836668;0;3469,2466272998404;0,7227597140208001;51,46866675860144;1,5830652234789468;0,8210183156461704;1,0;1,0;0,00013949084217691478;1,5440600027580431;25,73433337930072
2029-10-27;27,100306532629133;9049;0;387,1302077986132;197,3460095800258;743,3376558269441;0;3503,1412503696506;0,7298210938270105;52,869492173718186;1,5800007004651782;0,8367632638349471;1,0;1,0;0,00013161836808252644;1,5860847652115455;26,434746086859093
2029-10-28;27,19871971157541;9046;3;390,97253168446844;199,29868749388552;749,8594265833156;0;3536,737521617701;0,7368203170036878;54,22490263457558;1,5776063734520103;0,8519497883285694;1,0;1,0;0,00012402510583571532;1,6267470790372673;27,11245131728779
2029-10-29;27,296836196713823;9046;0;394,92755134905286;201,30945808611776;756,5643891511464;0;3572,5146295035324;0,7442738811465692;55,59948283413731;1,5749431875934439;0,866539357031182;1,0;1,0;0,00011673032148440902;1,6679844850241192;27,799741417068656
2029-10-30;27,394627037370835;9044;2;398,9833389657803;203,37808111664089;763,4511466013062;0;3608,405317606517;0,7517511078346911;57,01173294200207;1,5722059380576345;0,8804956957585911;1,0;1,0;0,00010975215212070446;1,710351988260062;28,505866471001035
2029-10-31;27,492063421104103;9043;1;403,1463202569499;205,50419147093768;770,517901555266;0;3645,6521740835974;0,7595108696007494;58,37329028314528;1,5698771377014982;0,8937850122827513;1,0;1,0;0,00010310749385862435;1,7511987084943583;29,18664514157264
2029-11-01;27,589116682085702;9042;1;407,4131371729176;207,6872979140218;777,7624557452157;0;3683,829586317521;0,7674644971494835;59,769183126659875;1,5673691074271476;0,9063762007512374;1,0;1,0;9,681189962438132e-05;1,7930754937997961;29,884591563329938
2029-11-02;27,685758309388763;9042;0;411,7914802725943;209,92678253328754;785,1822118275177;0;3723,4185646247975;0,7757122009634995;61,108853599530235;1,5653733580176705;0,9182410244506276;1,0;1,0;9,08794877746862e-05;1,8332656079859069;30,554426799765118
2029-11-03;27,781959955175385;9042;0;416,2727352409881;212,2219008986148;792,7741775019623;0;3763,9380720490144;0,7841537650102114;62,45864383805408;1,5633712765699022;0,9293542751685795;1,0;1,0;8,532286241571026e-05;1,8737593151416223;31,22932191902704
2029-11-04;27,8776934427835;9042;0;420,8575233562228;214,57178296212174;800,5349719688853;0;3805,393726186967;0,7927903596222847;63,81353417990425;1,5613391185168966;0,9396939077190968;1,0;1,0;8,015304614045161e-05;1,9144060253971276;31,906767089952126
2029-11-05;27,972930774710747;9040;2;425,5496121784503;216,9754347133661;808,4608347344954;0;3846,96849409319;0,801451769602748;65,10210421672016;1,5598288240687441;0,9492411485234236;1,0;1,0;7,537942573828822e-05;1,953063126501605;32,55105210836008
2029-11-06;28,06764414049329;9040;0;430,3323154090304;219,4317405986633;816,547636751999;0;3890,204131297635;0,8104591940203406;66,39741688306466;1,5581389693564212;0,9579805774788414;1,0;1,0;7,100971126057932e-05;1,99192250649194;33,19870844153233
2029-11-07;28,161805924477772;9040;0;435,21018941116847;221,93946670560945;824,7908938626261;0;3934,300112276963;0,8196458567243673;67,6542505431936;1,5567907700594101;0,9659001826932718;1,0;1,0;6,704990865336409e-05;2,029627516295808;33,8271252715968
2029-11-08;28,255388713484724;9040;0;440,17979177643343;224,49726470597565;833,1857824767937;0;3979,225317658958;0,8290052745122829;68,87245932422474;1,5556632662304681;0,9729913880086613;1,0;1,0;6,350430599566938e-05;2,066173779726742;34,43622966211237
2029-11-09;28,348365304361632;9040;0;445,2393070048979;227,10367654200132;841,7271574117754;0;4024,963335324277;0,8385340281925577;70,06792259199754;1,5546281531448127;0,9792490535745918;1,0;1,0;6,0375473212704106e-05;2,102037677759926;35,03396129599877
2029-11-10;28,440708711424275;9040;0;450,38257829138684;229,75713983288935;850,409571778772;0;4071,458507754137;0,8482205224487785;71,1932801050944;1,5539987454169448;0,9846714500596794;1,0;1,0;5,766427497016032e-05;2,135798403152832;35,5966400525472
2029-11-11;28,53239217378489;9040;0;455,6086935576568;232,45599397014217;859,2272987896056;0;4118,7025897612175;0,858063039533587;72,30800636875138;1,553330870634326;0,9892602073966713;1,0;1,0;5,536989630166435e-05;2,169240191062541;36,15400318437569
2029-11-12;28,62338916256574;9040;0;460,91474586986766;235,19848686241963;868,1743553317884;0;4166,669302663604;0,8680561047215841;73,3857470255332;1,5528118098178805;0,9930202392429651;1,0;1,0;5,3489880378517445e-05;2,201572410765996;36,6928735127666
2029-11-13;28,713673387996963;9040;0;466,29182204404685;237,98278228299924;877,2445271408649;0;4215,278071278184;0,8781829315162883;74,3723290502523;1,5527446845139548;0,9959596445973635;1,0;1,0;5,202017770131824e-05;2,231169871507569;37,18616452512615
2029-11-14;28,803218806397563;9040;0;471,7399796371736;240,80696776582315;886,4313953810348;0;4264,529415920049;0,888443628316677;75,34911562450384;1,5526242980095704;0,9980895882427382;1,0;1,0;5,0955205878630905e-05;2,260473468735115;37,67455781225192
2029-11-15;28,89199962703854;9039;1;477,25369696803153;243,66906298966327;895,7283644295109;0;4313,896166894037;0,8987283681029244;76,26901815774728;1,5527297223374457;0,9994241618801825;1,0;1,0;5,028791905990877e-05;2,2880705447324186;38,13450907887364
2029-11-16;28,97999031888716;9039;0;482,8267954972591;246,56702858425683;905,1286906471211;0;4364,271404499726;0,9092232092707762;77,10077139356544;1,553162549142368;0,999980227981235;1,0;1,0;5,0009886009382515e-05;2,313023141806963;38,55038569678272
2029-11-17;29,067165617231712;9037;2;488,4528556029427;249,49877528747274;914,6255119076052;0;4414,1484560837935;0,9196142616841236;77,91694651747522;1,5535958398808136;0,9997772485096811;1,0;1,0;5,011137574515946e-05;2,3375083955242566;38,95847325873761
2029-11-18;29,15350053018585;9035;2;494,1341948487113;252,4621733787597;924,2118776510525;0;4464,502450458107;0,9301046771787723;78,64618895230987;1,5542789691329983;0,998837100752869;1,0;1,0;5,0581449623565494e-05;2,359385668569296;39,323094476154935
2029-11-19;29,238970345071998;9035;0;499,8566792355035;255,45506231137648;933,8807792231195;0;4516,205096892774;0,9408760618526613;79,26802131264118;1,5554206227133;0,9971838825547745;1,0;1,0;5,140805872261274e-05;2,3780406393792353;39,63401065632059
2029-11-20;29,323550634683247;9035;0;505,6114328184156;258,4752604642635;943,6251802611164;0;4568,199295514385;0,9517081865654969;79,81031499242826;1,5569369141177987;0,9948437092602164;1,0;1,0;5,257814536989182e-05;2,3943094497728477;39,90515749621413
2029-11-21;29,407217263423377;9034;1;511,4028721536193;261,5205749339097;953,438046890744;0;4620,013547035796;0,9625028222991242;80,32721993562416;1,55842249170423;0,9918445046633124;1,0;1,0;5,407774766834379e-05;2,4098165980687245;40,16360996781208
2029-11-22;29,48994639332445;9033;1;517,2236625315238;264,5888112872027;963,312377503128;0;4672,0813436472545;0,9733502799265114;80,79398064435881;1,5599681694569922;0,9882157882056924;1,0;1,0;5,589210589715378e-05;2,4238194193307643;40,396990322179406
2029-11-23;29,57171448994195;9033;0;523,0443618869831;267,67778319799754;973,2412318906914;0;4724,659720925119;0,9843041085260663;81,04473620534223;1,5625207643217027;0,9839884605937574;1,0;1,0;5,8005769703121285e-05;2,431342086160267;40,522368102671116
2029-11-24;29,65249832812705;9033;0;528,8805152431405;270,78532189295396;983,2177595321284;0;4777,377694191288;0,9952870196231851;81,37573488380768;1,5644894992144114;0,9791945899024957;1,0;1,0;6,040270504875213e-05;2,4412720465142304;40,68786744190384
2029-11-25;29,73227499767607;9033;0;534,726098730697;273,9092853360032;993,2352268310295;0;4830,180849834386;1,0062876770488305;81,63530812724761;1,5666702447830234;0,9738672001092702;1,0;1,0;6,306639994536491e-05;2,449059243817428;40,817654063623806
2029-11-26;29,811021908856983;9033;0;540,5636993568417;277,0475670855225;1000,0;1;4882,91189629035;1,0172733117271564;81,70975095075136;1,5696667618836007;0,9680400638581526;1,0;1,0;6,597996807092373e-05;2,4512925285225404;40,85487547537568
2029-11-27;29,888716797813064;9029;4;546,3772195482018;280,1981047638105;1000,0;1;4933,239915300714;1,0277583156876486;81,73371105137959;1,5727457910611375;0,9617475010973392;1,0;1,0;6,91262494513304e-05;2,4520113315413874;40,86685552568979
2029-11-28;29,965337731843714;9029;0;552,1881342895074;283,35888808465097;1000,0;1;4985,706664499963;1,0386888884374923;81,67775341377391;1,5758665262970541;0,955024185062598;1,0;1,0;7,2487907468701e-05;2,4503326024132175;40,83887670688696
2029-11-29;30,04086311456278;9029;0;557,984806712167;286,5279663914898;1000,0;1;5038,044819804156;1,0495926707925325;81,65061538099926;1,5788622544397717;0,9479049569020661;1,0;1,0;7,604752154896695e-05;2,4495184614299776;40,82530769049963
2029-11-30;30,115271690934467;9028;1;563,7642426352048;289,7034556658981;1000,0;1;5089,663582510629;1,0603465796897142;81,43206924860743;1,5827023139242173;0,9404246500555251;1,0;1,0;7,978767497223744e-05;2,442962077458223;40,71603462430372
2029-12-01;30,18854255218726;9028;0;569,5042395212206;292,8835449734084;1000,0;1;5141,48427439758;1,0711425571661624;81,25779278419573;1,5861024797130445;0,9326179253176667;1,0;1,0;8,369103734116664e-05;2,437733783525872;40,628896392097865
2029-12-02;30,26065514060613;9028;0;575,2154824119747;296,06650232135587;1000,0;1;5193,045375215307;1,0818844531698557;81,04631867683449;1,589580097826802;0,9245191173328586;1,0;1,0;8,774044133357069e-05;2,4313895603050346;40,523159338417244
2029-12-03;30,33158925420354;9026;2;580,903450018912;299,25067991089213;1000,0;1;5243,2345398707;1,0923405291397292;80,7429173211102;1,5933924553009116;0,9161620930911832;1,0;1,0;9,191895345440839e-05;2,422287519633306;40,3714586605551
2029-12-04;30,40132505126969;9026;0;586,5211920134253;302,43451877274543;1000,0;1;5293,940279113177;1,1029042248152452;80,18640864703796;1,598304727728057;0,9075801228244451;1,0;1,0;9,620993858777745e-05;2,4055922594111387;40,09320432351898
2029-12-05;30,469843054802485;9025;1;592,0991637455412;304,4340258547846;1000,0;1;5343,694952803509;1,1132697818340644;79,79470640328624;1,6022904899708064;0,8988057635384548;1,0;1,0;0,00010059711823077262;2,3938411920985874;39,89735320164312
2029-12-06;30,5371241568179;9024;1;597,6221114184965;306,4241820304755;1000,0;2;5392,941933440512;1,1235295694667733;79,36164683201429;1,6063209678960984;0,8898707552658738;1,0;1,0;0,00010506462236706311;2,3808494049604287;39,680823416007144
2029-12-07;30,60314962254128;9021;3;603,114372545357;308,40433370586464;1000,0;3;5440,694754731665;1,1334780739024302;78,95138632015303;1,6101067879829227;0,8808059299836699;1,0;1,0;0,00010959703500816506;2,368541589604591;39,47569316007652
2029-12-08;30,667901094480268;9019;2;608,5328264053215;310,37389724218536;1000,0;3;5488,357561349595;1,1434078252811657;78,24360899566835;1,6152688191703026;0,8716411330117056;1,0;1,0;0,00011417943349414719;2,3473082698700507;39,12180449783418
2029-12-09;30,731360596380124;9017;2;613,8879294218772;312,3323585224635;1000,0;5;5535,427459597066;1,1532140540827223;77,69407175246947;1,6195295500768305;0,8624051565949191;1,0;1,0;0,00011879742170254045;2,330822152574084;38,847035876234735
2029-12-10;30,79351053706204;9017;0;619,1928033060939;314,2792722299872;1000,0;7;5583,261507411049;1,1631794807106353;77,04038794993492;1,6242422742639149;0,8531256852713889;1,0;1,0;0,00012343715736430556;2,3112116384980474;38,52019397496746
2029-12-11;30,85433371414536;9016;1;624,4467784272297;316,2142608646281;1000,0;10;5630,012154299903;1,1729191988124799;76,44335305928742;1,628666704365034;0,8438292525422655;1,0;1,0;0,00012808537372886728;2,2933005917786224;38,22167652964371
2029-12-12;30,913813317654427;9014;2;629,6041627888364;318,1370135236505;1000,0;11;5675,2519233785715;1,182344150703869;75,5873473336765;1,6343513253454873;0,8345412082871692;1,0;1,0;0,00013272939585641543;2,267620420010295;37,79367366683825
2029-12-13;30,971932933510885;9013;1;634,7188401368242;320,0472844739319;1000,0;13;5720,720906153197;1,1918168554485826;74,91740619096835;1,6389159610785056;0,8252856963096833;1,0;1,0;0,00013735715184515836;2,2475221857290504;37,458703095484175
2029-12-14;31,028676546912425;9012;1;639,760358063941;321,94489154246935;1000,0;17;5765,520346872237;1,2011500722650492;74,11564852085093;1,6441839955630628;0,8160856413515089;1,0;1,0;0,00014195717932424557;2,2234694556255277;37,05782426042546
2029-12-15;31,08402854559856;9012;0;644,735163571242;323,829714351695;1000,0;18;5810,353294104032;1,2104902696050066;73,50169216296123;1,6483909750503225;0,8069627448801198;1,0;1,0;0,00014651862755994013;2,205050764888837;36,75084608148062
2029-12-16;31,13797372300468;9012;0;649,6357217259603;325,70169242549537;1000,0;19;5854,5171241943535;1,2196910675404904;72,66902787006273;1,6537725437178072;0,7979374889322423;1,0;1,0;0,00015103125553387887;2,180070836101882;36,33451393503137
2029-12-17;31,19049728130504;9008;4;654,4869891216339;327,56082319096987;1000,0;25;5895,618798007678;1,2282539162515997;71,7903596324427;1,6593660487397635;0,7890291472836631;1,0;1,0;0,00015548542635816844;2,153710788973281;35,89517981622135
2029-12-18;31,241584834345662;9006;2;659,2176596948013;329,40715989989263;1000,0;26;5936,914243211381;1,236857134002371;71,0414147489908;1,6640710000061085;0,7802558032133853;1,0;1,0;0,00015987209839330737;2,131242442469724;35,5207073744954
2029-12-19;31,29122241046822;9004;2;663,9174279564969;331,2408094926076;1000,0;33;5977,912521320299;1,245398441941729;70,3491480867791;1,6685009169161984;0,7716343731361949;1,0;1,0;0,00016418281343190256;2,1104744426033726;35,17457404338955
2029-12-20;31,33939645522562;9002;2;668,5249592750491;333,0619304257127;1000,0;35;6018,061683393992;1,2537628507070817;69,68620014366162;1,6727744147392258;0,7631806353912041;1,0;1,0;0,00016840968230439796;2,0905860043098485;34,84310007183081
2029-12-21;31,38609383399049;9001;1;673,0915698881645;334,8707304834113;1000,0;42;6058,4972205633685;1,2621869209507017;68,80620925639185;1,6782156312058385;0,754909263493744;1,0;1,0;0,00017254536825312802;2,0641862776917557;34,403104628195926
2029-12-22;31,431301834457276;9001;0;677,5823559124889;336,66746459085687;1000,0;44;6098,918785568313;1,270608080326732;68,03143796685826;1,6831355739880398;0,7468338631832506;1,0;1,0;0,00017658306840837468;2,0409431390057478;34,01571898342913
2029-12-23;31,47500816903913;8999;2;682,0396649255124;338,4524326462189;1000,0;47;6137,674944664686;1,2786822801384763;67,44294035763015;1,687061548627801;0,7389670126293724;1,0;1,0;0,00018051649368531383;2,0232882107289045;33,721470178815075
2029-12-24;31,5172009771604;8999;0;686,4275029961466;340,2259773865756;1000,0;51;6177,161099462322;1,286908562387984;66,84567481211752;1,6909709969106677;0,7313203051916314;1,0;1,0;0,00018433984740418434;2,0053702443635255;33,42283740605876
2029-12-25;31,557868827445706;8999;0;690,7568025546124;341,98848230112105;1000,0;58;6216,120466188957;1,2950250971226993;66,20262256885182;1,6952213599214945;0,7239043941636639;1,0;1,0;0,00018804780291816804;1,9860786770655545;33,10131128442591
2029-12-26;31,597000719806644;8996;3;694,9925796392068;343,7403696035721;1000,0;67;6252,1532464343045;1,3025319263404802;65,4946123282868;1,6998504368761505;0,7167290389705079;1,0;1,0;0,00019163548051474608;1,964838369848604;32,7473061641434
2029-12-27;31,63458608742685;8995;1;699,2038215017817;345,4820982741002;1000,0;74;6289,338374408527;1,3102788280017763;64,69077107691857;1,7048996250605009;0,7098031523260385;1,0;1,0;0,00019509842383698075;1,9407231323075569;32,34538553845928
2029-12-28;31,67061479864668;8993;2;703,3539411573133;347,2141621795999;1000,0;81;6325,261992827719;1,3177629151724415;64,05612174563856;1,7091192933249821;0,7031348478965236;1,0;1,0;0,00019843257605173823;1,9216836523691567;32,02806087281928
2029-12-29;31,7050771587481;8992;1;707,4641084717954;348,93708827965696;1000,0;85;6361,517263378383;1,325316096537163;63,47591397115739;1,71301243656221;0,696731488055216;1,0;1,0;0,000201634255972392;1,9042774191347216;31,737956985578695
2029-12-30;31,737963911640943;8990;2;711,5264281084845;350,65143492420157;1000,0;95;6396,622588695275;1,3326297059781824;62,94946092692489;1,7166731568864855;0,6905997313509669;1,0;1,0;0,00020470013432451656;1,8884838278077467;31,474730463462446
